[
  [
    {
      "_id": "636bba870b6b2c405ac46b70",
      "imageUrl": "https://www.sephora.com/productimages/sku/s2493732-main-zoom.jpg?imwidth=270&imwidth=164",
      "brand": "Violet Voss",
      "name": "Fun Sized Mini Eyeshadow Palette",
      "stars": 4,
      "numReviews": 453,
      "price": 18,
      "category": "makeup",
      "type": "eye"
    },
    {
      "_id": "636bba870b6b2c405ac46b71",
      "imageUrl": "https://www.sephora.com/productimages/sku/s2343986-main-zoom.jpg?imwidth=270&imwidth=164",
      "brand": "Dior",
      "name": "BACKSTAGE Eyeshadow Palette",
      "stars": 4.5,
      "numReviews": 305,
      "price": 49,
      "category": "makeup",
      "type": "eye"
    },
    {
      "_id": "636bba870b6b2c405ac46b72",
      "imageUrl": "https://www.sephora.com/productimages/sku/s2419588-main-zoom.jpg?imwidth=270&imwidth=164",
      "brand": "HUDA BEAUTY",
      "name": "Brown Obsessions Eyeshadow Palette",
      "stars": 4.5,
      "numReviews": 180,
      "price": 29,
      "category": "makeup",
      "type": "eye"
    },
    {
      "_id": "636bba870b6b2c405ac46b73",
      "imageUrl": "https://www.sephora.com/productimages/sku/s2417905-main-zoom.jpg?imwidth=270&pb=allure-best-2021-badge&imwidth=164",
      "brand": "Urban Decay",
      "name": "24/7 Eyeshadow",
      "stars": 4.5,
      "numReviews": 181,
      "price": 19,
      "category": "makeup",
      "type": "eye"
    },
    {
      "_id": "636bba870b6b2c405ac46b74",
      "imageUrl": "https://www.sephora.com/productimages/sku/s2191880-main-zoom.jpg?imwidth=270&imwidth=164",
      "brand": "NARS",
      "name": "Mini Voyageur Eyeshadow Palette",
      "stars": 4,
      "numReviews": 92,
      "price": 32,
      "category": "makeup",
      "type": "eye"
    },
    {
      "_id": "636bba870b6b2c405ac46b75",
      "imageUrl": "https://www.sephora.com/productimages/sku/s2255651-main-zoom.jpg?imwidth=270&pb=2020-03-sephora-value-2020&imwidth=164",
      "brand": "SEPHORA COLLECTION",
      "name": "Jelly Melt Glossy Lip Tint",
      "stars": 4.5,
      "numReviews": 396,
      "price": 5,
      "category": "makeup",
      "type": "lip"
    },
    {
      "_id": "636bba870b6b2c405ac46b76",
      "imageUrl": "https://www.sephora.com/productimages/sku/s1296060-main-zoom.jpg?imwidth=270&pb=2020-03-sephora-value-2020&imwidth=164",
      "brand": "SEPHORA COLLECTION",
      "name": "Cream Lip Stain Liquid Lipstick",
      "stars": 4.5,
      "numReviews": 10500,
      "price": 15,
      "category": "makeup",
      "type": "lip"
    },
    {
      "_id": "636bba870b6b2c405ac46b77",
      "imageUrl": "https://www.sephora.com/productimages/sku/s1691278-main-zoom.jpg?imwidth=270&pb=2020-03-sephora-value-2020&imwidth=164",
      "brand": "SEPHORA COLLECTION",
      "name": "Retractable Rouge Gel Lip Liner",
      "stars": 4.5,
      "numReviews": 995,
      "price": 9,
      "category": "makeup",
      "type": "lip"
    },
    {
      "_id": "636bba870b6b2c405ac46b78",
      "imageUrl": "https://www.sephora.com/productimages/sku/s2133528-main-zoom.jpg?imwidth=270&pb=2020-03-allure-best-2019&imwidth=164",
      "brand": "LANEIGE",
      "name": "Lip Sleeping Mask",
      "stars": 4.5,
      "numReviews": 14400,
      "price": 20,
      "category": "makeup",
      "type": "lip"
    },
    {
      "_id": "636bba870b6b2c405ac46b79",
      "imageUrl": "https://www.sephora.com/productimages/sku/s1656032-main-zoom.jpg?imwidth=270&pb=2020-03-sephora-value-2020&imwidth=164",
      "brand": "SEPHORA COLLECTION",
      "name": "Lip Liner To Go",
      "stars": 4,
      "numReviews": 719,
      "price": 6,
      "category": "makeup",
      "type": "lip"
    },
    {
      "_id": "636bba870b6b2c405ac46b7a",
      "imageUrl": "https://www.sephora.com/productimages/sku/s2148385-main-zoom.jpg?imwidth=270&pb=2020-03-sephora-value-2020&imwidth=164",
      "brand": "SEPHORA COLLECTION",
      "name": "#LIPSTORIES Lipstick",
      "stars": 4.5,
      "numReviews": 3400,
      "price": 9,
      "category": "makeup",
      "type": "lip"
    },
    {
      "_id": "636bba870b6b2c405ac46b7b",
      "imageUrl": "https://www.sephora.com/productimages/sku/s2553386-main-zoom.jpg?imwidth=270&imwidth=164",
      "brand": "MAKEUP BY MARIO",
      "name": "Moisture Glow™ Plumping Lip Serum",
      "stars": 4.5,
      "numReviews": 14,
      "price": 22,
      "category": "makeup",
      "type": "lip"
    },
    {
      "_id": "636bba870b6b2c405ac46b7c",
      "imageUrl": "https://www.sephora.com/productimages/sku/s2447043-main-zoom.jpg?imwidth=270&imwidth=164",
      "brand": "Dior",
      "name": "Dior Addict Lip Glow",
      "stars": 4.5,
      "numReviews": 1600,
      "price": 35,
      "category": "makeup",
      "type": "lip"
    },
    {
      "_id": "636bba870b6b2c405ac46b7d",
      "imageUrl": "https://www.sephora.com/productimages/sku/s2116515-main-zoom.jpg?imwidth=270&imwidth=164",
      "brand": "Charlotte Tilbury",
      "name": "Lip Cheat Lip Liner",
      "stars": 4.5,
      "numReviews": 286,
      "price": 24,
      "category": "makeup",
      "type": "lip"
    },
    {
      "_id": "636bba870b6b2c405ac46b7e",
      "imageUrl": "https://www.sephora.com/productimages/sku/s1925965-main-zoom.jpg?imwidth=270&imwidth=164",
      "brand": "Fenty Beauty by Rihanna",
      "name": "Gloss Bomb Universal Lip Luminizer",
      "stars": 4.5,
      "numReviews": 11600,
      "price": 20,
      "category": "makeup",
      "type": "lip"
    },
    {
      "_id": "636bba870b6b2c405ac46b7f",
      "imageUrl": "https://www.sephora.com/productimages/sku/s2518959-main-zoom.jpg?imwidth=270&imwidth=164",
      "brand": "Rare Beauty by Selena Gomez",
      "name": "Soft Pinch Liquid Blush",
      "stars": 4.5,
      "numReviews": 2300,
      "price": 20,
      "category": "makeup",
      "type": "cheek"
    },
    {
      "_id": "636bba870b6b2c405ac46b80",
      "imageUrl": "https://www.sephora.com/productimages/sku/s2518892-main-zoom.jpg?imwidth=270&imwidth=164",
      "brand": "Rare Beauty by Selena Gomez",
      "name": "Warm Wishes Effortless Bronzer Sticks",
      "stars": 4.5,
      "numReviews": 849,
      "price": 23,
      "category": "makeup",
      "type": "cheek"
    },
    {
      "_id": "636bba870b6b2c405ac46b81",
      "imageUrl": "https://www.sephora.com/productimages/sku/s2418663-main-zoom.jpg?imwidth=270&pb=allure-best-2021-badge&imwidth=164",
      "brand": "Rare Beauty by Selena Gomez",
      "name": "Stay Vulnerable Melting Cream Blush",
      "stars": 4.5,
      "numReviews": 651,
      "price": 21,
      "category": "makeup",
      "type": "cheek"
    },
    {
      "_id": "636bba870b6b2c405ac46b82",
      "imageUrl": "https://www.sephora.com/productimages/sku/s248930-main-zoom.jpg?imwidth=270&imwidth=164",
      "brand": "NARS",
      "name": "Blush",
      "stars": 4.5,
      "numReviews": 18000,
      "price": 16,
      "category": "makeup",
      "type": "cheek"
    },
    {
      "_id": "636bba870b6b2c405ac46b83",
      "imageUrl": "https://www.sephora.com/productimages/sku/s2257251-main-zoom.jpg?imwidth=270&pb=2020-03-sephora-clean-2019&imwidth=164",
      "brand": "MILK MAKEUP",
      "name": "Lip + Cheek Cream Blush Stick",
      "stars": 4,
      "numReviews": 781,
      "price": 20,
      "category": "makeup",
      "type": "cheek"
    },
    {
      "_id": "636bba870b6b2c405ac46b84",
      "imageUrl": "https://www.sephora.com/productimages/sku/s2257269-main-zoom.jpg?imwidth=270&pb=2020-03-sephora-clean-2019&imwidth=164",
      "brand": "MILK MAKEUP",
      "name": "Matte Cream Bronzer Stick",
      "stars": 4,
      "numReviews": 1100,
      "price": 20,
      "category": "makeup",
      "type": "cheek"
    },
    {
      "_id": "636bba870b6b2c405ac46b85",
      "imageUrl": "https://www.sephora.com/productimages/sku/s513234-main-zoom.jpg?imwidth=270&imwidth=164",
      "brand": "Benefit Cosmetics",
      "name": "Hoola Bronzer",
      "stars": 4.5,
      "numReviews": 3200,
      "price": 17,
      "category": "makeup",
      "type": "cheek"
    },
    {
      "_id": "636bba870b6b2c405ac46b86",
      "imageUrl": "https://www.sephora.com/productimages/sku/s2352813-main-zoom.jpg?imwidth=270&imwidth=164",
      "brand": "Fenty Beauty by Rihanna",
      "name": "Cheeks Out Freestyle Cream Blush",
      "stars": 4.5,
      "numReviews": 1100,
      "price": 22,
      "category": "makeup",
      "type": "cheek"
    },
    {
      "_id": "636bba870b6b2c405ac46b87",
      "imageUrl": "https://www.sephora.com/productimages/sku/s2351187-main-zoom.jpg?imwidth=270&imwidth=164",
      "brand": "Charlotte Tilbury",
      "name": "Airbrush Matte Bronzer",
      "stars": 4,
      "numReviews": 280,
      "price": 56,
      "category": "makeup",
      "type": "cheek"
    },
    {
      "_id": "636bba870b6b2c405ac46b88",
      "imageUrl": "https://www.sephora.com/productimages/sku/s2284875-main-zoom.jpg?imwidth=270&pb=allure-best-2021-badge&imwidth=164",
      "brand": "Tower 28 Beauty",
      "name": "BeachPlease Lip + Cheek Cream Blush",
      "stars": 4.5,
      "numReviews": 661,
      "price": 20,
      "category": "makeup",
      "type": "cheek"
    }
  ],
  [
    {
      "_id": "636bba870b6b2c405ac46b89",
      "stars": 4.5,
      "imageUrl": "https://www.sephora.com/productimages/sku/s1947878-main-zoom.jpg?imwidth=270&pb=2020-03-sephora-clean-2019&imwidth=164",
      "brand": "KORA Organics",
      "name": "Noni Glow Face Oil",
      "numReviews": 616,
      "price": 25,
      "category": "skincare",
      "type": "moisturizers"
    },
    {
      "_id": "636bba870b6b2c405ac46b8a",
      "stars": 4.5,
      "imageUrl": "https://www.sephora.com/productimages/sku/s2535128-main-zoom.jpg?imwidth=270&pb=2020-03-sephora-clean-2019&imwidth=164",
      "brand": "Glow Recipe",
      "name": "Plum Plump Hyaluronic Acid Moisturizer",
      "numReviews": 671,
      "price": 33,
      "category": "skincare",
      "type": "moisturizers"
    },
    {
      "_id": "636bba870b6b2c405ac46b8b",
      "stars": 4.5,
      "imageUrl": "https://www.sephora.com/productimages/sku/s2215945-main-zoom.jpg?imwidth=270&pb=2020-03-allure-clean-2019&imwidth=164",
      "brand": "Skinfix",
      "name": "Barrier+ Triple Lipid-Peptide Face Cream",
      "numReviews": 1600,
      "price": 20,
      "category": "skincare",
      "type": "moisturizers"
    },
    {
      "_id": "636bba870b6b2c405ac46b8c",
      "stars": 4.5,
      "imageUrl": "https://www.sephora.com/productimages/sku/s1217744-main-zoom.jpg?imwidth=270&pb=2020-03-sephora-clean-2019&imwidth=164",
      "brand": "First Aid Beauty",
      "name": "Ultra Repair® Cream Intense Hydration",
      "numReviews": 7300,
      "price": 15,
      "category": "skincare",
      "type": "moisturizers"
    },
    {
      "_id": "636bba870b6b2c405ac46b8d",
      "stars": 4,
      "imageUrl": "https://www.sephora.com/productimages/sku/s2120491-main-zoom.jpg?imwidth=270&pb=2020-03-sephora-clean-2019&imwidth=164",
      "brand": "KORA Organics",
      "name": "Mini Noni Glow Face Oil",
      "numReviews": 150,
      "price": 25,
      "category": "skincare",
      "type": "moisturizers"
    },
    {
      "_id": "636bba870b6b2c405ac46b8e",
      "stars": 4,
      "imageUrl": "https://www.sephora.com/productimages/sku/s2031425-main-zoom.jpg?imwidth=270&imwidth=164",
      "brand": "The Ordinary",
      "name": "Natural Moisturizing Factors + HA",
      "numReviews": 1700,
      "price": 6,
      "category": "skincare",
      "type": "moisturizers"
    },
    {
      "_id": "636bba870b6b2c405ac46b8f",
      "stars": 4,
      "imageUrl": "https://www.sephora.com/productimages/sku/s2181006-main-zoom.jpg?imwidth=270&pb=2020-03-sephora-clean-2019&imwidth=164",
      "brand": "Tatcha",
      "name": "The Dewy Skin Cream Plumping & Hydrating Moisturizer",
      "numReviews": 2300,
      "price": 20,
      "category": "skincare",
      "type": "moisturizers"
    },
    {
      "_id": "636bba870b6b2c405ac46b90",
      "stars": 4.5,
      "imageUrl": "https://www.sephora.com/productimages/sku/s2348431-main-zoom.jpg?imwidth=270&pb=2020-03-sephora-clean-2019&imwidth=164",
      "brand": "Glow Recipe",
      "name": "Watermelon Glow PHA +BHA Pore-Tight Toner",
      "numReviews": 2500,
      "price": 15,
      "category": "skincare",
      "type": "moisturizers"
    },
    {
      "_id": "636bba870b6b2c405ac46b91",
      "stars": 4.5,
      "imageUrl": "https://www.sephora.com/productimages/sku/s2180941-main-zoom.jpg?imwidth=270&pb=2020-03-allure-clean-2019&imwidth=164",
      "brand": "Youth To The People",
      "name": "Superberry Hydrate + Glow Dream Mask with Vitamin C",
      "numReviews": 2100,
      "price": 15,
      "category": "skincare",
      "type": "moisturizers"
    },
    {
      "_id": "636bba870b6b2c405ac46b92",
      "stars": 4.5,
      "imageUrl": "https://www.sephora.com/productimages/sku/s2172526-main-zoom.jpg?imwidth=270&imwidth=164",
      "brand": "Kiehl's Since 1851",
      "name": "Ultra Facial Moisturizing Cream with Squalane",
      "numReviews": 1900,
      "price": 22,
      "category": "skincare",
      "type": "moisturizers"
    },
    {
      "_id": "636bba870b6b2c405ac46b93",
      "stars": 4.5,
      "imageUrl": "https://www.sephora.com/productimages/sku/s2421360-main-zoom.jpg?imwidth=270&imwidth=164",
      "brand": "Paula's Choice",
      "name": "Skin Perfecting 2% BHA Liquid Exfoliant",
      "numReviews": 619,
      "price": 11,
      "category": "skincare",
      "type": "cleansers"
    },
    {
      "_id": "636bba870b6b2c405ac46b94",
      "stars": 4.5,
      "imageUrl": "https://www.sephora.com/productimages/sku/s1863588-main-zoom.jpg?imwidth=270&pb=clean-planet-positive-badge-2021&imwidth=164",
      "brand": "Youth To The People",
      "name": "Superfood Antioxidant Cleanser",
      "numReviews": 4900,
      "price": 12,
      "category": "skincare",
      "type": "cleansers"
    },
    {
      "_id": "636bba870b6b2c405ac46b95",
      "stars": 4.5,
      "imageUrl": "https://www.sephora.com/productimages/sku/s1899103-main-zoom.jpg?imwidth=270&pb=clean-planet-positive-badge-2021&imwidth=164",
      "brand": "Farmacy",
      "name": "Green Clean Makeup Removing Cleansing Balm",
      "numReviews": 5300,
      "price": 22,
      "category": "skincare",
      "type": "cleansers"
    },
    {
      "_id": "636bba870b6b2c405ac46b96",
      "stars": 4.5,
      "imageUrl": "https://www.sephora.com/productimages/sku/s2382232-main-zoom.jpg?imwidth=270&pb=2020-03-sephora-clean-2019&imwidth=164",
      "brand": "Tatcha",
      "name": "The Rice Wash Skin-Softening Cleanser",
      "numReviews": 2000,
      "price": 36,
      "category": "skincare",
      "type": "cleansers"
    },
    {
      "_id": "636bba870b6b2c405ac46b97",
      "stars": 4.5,
      "imageUrl": "https://www.sephora.com/productimages/sku/s2031508-main-zoom.jpg?imwidth=270&imwidth=164",
      "brand": "The Ordinary",
      "name": "Glycolic Acid 7% Exfoliating Toning Solution",
      "numReviews": 2400,
      "price": 9,
      "category": "skincare",
      "type": "cleansers"
    },
    {
      "_id": "636bba870b6b2c405ac46b98",
      "stars": 4,
      "imageUrl": "https://www.sephora.com/productimages/sku/s2335636-main-zoom.jpg?imwidth=270&pb=allure-best-2020&imwidth=164",
      "brand": "The INKEY List",
      "name": "Oat Cleansing Balm",
      "numReviews": 1400,
      "price": 4,
      "category": "skincare",
      "type": "cleansers"
    },
    {
      "_id": "636bba870b6b2c405ac46b99",
      "stars": 4.5,
      "imageUrl": "https://www.sephora.com/productimages/sku/s2348431-main-zoom.jpg?imwidth=270&pb=2020-03-sephora-clean-2019&imwidth=164",
      "brand": "Glow Recipe",
      "name": "Watermelon Glow PHA +BHA Pore-Tight Toner",
      "numReviews": 2500,
      "price": 15,
      "category": "skincare",
      "type": "cleansers"
    },
    {
      "_id": "636bba870b6b2c405ac46b9a",
      "stars": 4.5,
      "imageUrl": "https://www.sephora.com/productimages/sku/s2211605-main-zoom.jpg?imwidth=270&pb=2020-03-sephora-clean-2019&imwidth=164",
      "brand": "The INKEY List",
      "name": "Salicylic Acid Acne + Pore Cleanser",
      "numReviews": 997,
      "price": 10,
      "category": "skincare",
      "type": "cleansers"
    },
    {
      "_id": "636bba870b6b2c405ac46b9b",
      "stars": 4.5,
      "imageUrl": "https://www.sephora.com/productimages/sku/s2367829-main-zoom.jpg?imwidth=270&pb=2020-03-sephora-clean-2019&imwidth=164",
      "brand": "fresh",
      "name": "Soy Makeup Removing Face Wash",
      "numReviews": 8500,
      "price": 15,
      "category": "skincare",
      "type": "cleansers"
    },
    {
      "_id": "636bba870b6b2c405ac46b9c",
      "stars": 4,
      "imageUrl": "https://www.sephora.com/productimages/sku/s2468916-main-zoom.jpg?imwidth=270&pb=2020-03-sephora-clean-2019&imwidth=164",
      "brand": "Tatcha",
      "name": "The Deep Cleanse Gentle Exfoliating Cleanser",
      "numReviews": 2200,
      "price": 16,
      "category": "skincare",
      "type": "cleansers"
    },
    {
      "_id": "636bba870b6b2c405ac46b9d",
      "stars": 4,
      "imageUrl": "https://www.sephora.com/productimages/sku/s2031375-main-zoom.jpg?imwidth=270&pb=2020-03-allure-best-2019&imwidth=164",
      "brand": "The Ordinary",
      "name": "Hyaluronic Acid 2% + B5 Hydrating Serum",
      "numReviews": 2900,
      "price": 7,
      "category": "skincare",
      "type": "treatments"
    },
    {
      "_id": "636bba870b6b2c405ac46b9e",
      "stars": 4.5,
      "imageUrl": "https://www.sephora.com/productimages/sku/s2031391-main-zoom.jpg?imwidth=270&imwidth=164",
      "brand": "The Ordinary",
      "name": "Niacinamide 10% + Zinc 1% Oil Control Serum",
      "numReviews": 5000,
      "price": 6,
      "category": "skincare",
      "type": "treatments"
    },
    {
      "_id": "636bba870b6b2c405ac46b9f",
      "stars": 4.5,
      "imageUrl": "https://www.sephora.com/productimages/sku/s2210607-main-zoom.jpg?imwidth=270&imwidth=164",
      "brand": "The Ordinary",
      "name": "AHA 30% + BHA 2% Exfoliating Peeling Solution",
      "numReviews": 2900,
      "price": 7,
      "category": "skincare",
      "type": "treatments"
    },
    {
      "_id": "636bba870b6b2c405ac46ba0",
      "stars": 4.5,
      "imageUrl": "https://www.sephora.com/productimages/sku/s2404846-main-zoom.jpg?imwidth=270&pb=2020-03-sephora-clean-2019&imwidth=164",
      "brand": "Glow Recipe",
      "name": "Watermelon Glow Niacinamide Dew Drops",
      "numReviews": 1400,
      "price": 34,
      "category": "skincare",
      "type": "treatments"
    },
    {
      "_id": "636bba870b6b2c405ac46ba1",
      "stars": 4,
      "imageUrl": "https://www.sephora.com/productimages/sku/s2031425-main-zoom.jpg?imwidth=270&imwidth=164",
      "brand": "The Ordinary",
      "name": "Natural Moisturizing Factors + HA",
      "numReviews": 1700,
      "price": 6,
      "category": "skincare",
      "type": "treatments"
    },
    {
      "_id": "636bba870b6b2c405ac46ba2",
      "stars": 4.5,
      "imageUrl": "https://www.sephora.com/productimages/sku/s2348431-main-zoom.jpg?imwidth=270&pb=2020-03-sephora-clean-2019&imwidth=164",
      "brand": "Glow Recipe",
      "name": "Watermelon Glow PHA +BHA Pore-Tight Toner",
      "numReviews": 2500,
      "price": 15,
      "category": "skincare",
      "type": "treatments"
    },
    {
      "_id": "636bba870b6b2c405ac46ba3",
      "stars": 3.5,
      "imageUrl": "https://www.sephora.com/productimages/sku/s2495687-main-zoom.jpg?imwidth=270&imwidth=164",
      "brand": "The Ordinary",
      "name": "Salicylic Acid 2% Anhydrous Solution Pore Clearing Serum",
      "numReviews": 58,
      "price": 6,
      "category": "skincare",
      "type": "treatments"
    },
    {
      "_id": "636bba870b6b2c405ac46ba4",
      "stars": 4,
      "imageUrl": "https://www.sephora.com/productimages/sku/s2031409-main-zoom.jpg?imwidth=270&imwidth=164",
      "brand": "The Ordinary",
      "name": "Caffeine 5% + ECGC Depuffing Eye Serum",
      "numReviews": 1800,
      "price": 7,
      "category": "skincare",
      "type": "treatments"
    },
    {
      "_id": "636bba870b6b2c405ac46ba5",
      "stars": 4,
      "imageUrl": "https://www.sephora.com/productimages/sku/s2031458-main-zoom.jpg?imwidth=270&imwidth=164",
      "brand": "The Ordinary",
      "name": "Azelaic Acid 10% Suspension Brightening Cream",
      "numReviews": 792,
      "price": 8,
      "category": "skincare",
      "type": "treatments"
    },
    {
      "_id": "636bba870b6b2c405ac46ba6",
      "stars": 4.5,
      "imageUrl": "https://www.sephora.com/productimages/sku/s2493534-main-zoom.jpg?imwidth=270&pb=2020-03-sephora-clean-2019&imwidth=164",
      "brand": "Glow Recipe",
      "name": "Plum Plump™ Hyaluronic Acid Serum",
      "numReviews": 1700,
      "price": 42,
      "category": "skincare",
      "type": "treatments"
    },
    {
      "_id": "636bba870b6b2c405ac46ba7",
      "stars": 4,
      "imageUrl": "https://www.sephora.com/productimages/sku/s2283018-main-zoom.jpg?imwidth=270&pb=2020-03-sephora-clean-2019&imwidth=164",
      "brand": "SEPHORA COLLECTION",
      "name": "Clean Eye Mask",
      "numReviews": 208,
      "price": 4,
      "category": "skincare",
      "type": "masks"
    },
    {
      "_id": "636bba870b6b2c405ac46ba8",
      "stars": 4.5,
      "imageUrl": "https://www.sephora.com/productimages/sku/s2180941-main-zoom.jpg?imwidth=270&pb=2020-03-allure-clean-2019&imwidth=164",
      "brand": "Youth To The People",
      "name": "Superberry Hydrate + Glow Dream Mask with Vitamin C",
      "numReviews": 2100,
      "price": 15,
      "category": "skincare",
      "type": "masks"
    },
    {
      "_id": "636bba870b6b2c405ac46ba9",
      "stars": 4.5,
      "imageUrl": "https://www.sephora.com/productimages/sku/s2535243-main-zoom.jpg?imwidth=270&imwidth=164",
      "brand": "LANEIGE",
      "name": "Water Sleeping Mask with Squalane",
      "numReviews": 161,
      "price": 29,
      "category": "skincare",
      "type": "masks"
    },
    {
      "_id": "636bba870b6b2c405ac46baa",
      "stars": 4.5,
      "imageUrl": "https://www.sephora.com/productimages/sku/s1698018-main-zoom.jpg?imwidth=270&pb=clean-planet-positive-badge-2021&imwidth=164",
      "brand": "Caudalie",
      "name": "Instant Detox Mask",
      "numReviews": 752,
      "price": 39,
      "category": "skincare",
      "type": "masks"
    },
    {
      "_id": "636bba870b6b2c405ac46bab",
      "stars": 4.5,
      "imageUrl": "https://www.sephora.com/productimages/sku/s2282978-main-zoom.jpg?imwidth=270&pb=2020-03-sephora-clean-2019&imwidth=164",
      "brand": "SEPHORA COLLECTION",
      "name": "Clean Foot Mask",
      "numReviews": 119,
      "price": 5,
      "category": "skincare",
      "type": "masks"
    },
    {
      "_id": "636bba870b6b2c405ac46bac",
      "stars": 3.5,
      "imageUrl": "https://www.sephora.com/productimages/sku/s2282911-main-zoom.jpg?imwidth=270&pb=2020-03-sephora-clean-2019&imwidth=164",
      "brand": "SEPHORA COLLECTION",
      "name": "Clean Hemp Mask",
      "numReviews": 17,
      "price": 4,
      "category": "skincare",
      "type": "masks"
    },
    {
      "_id": "636bba870b6b2c405ac46bad",
      "stars": 3.5,
      "imageUrl": "https://www.sephora.com/productimages/sku/s2228070-main-zoom.jpg?imwidth=270&pb=2020-03-sephora-value-2020&imwidth=164",
      "brand": "SEPHORA COLLECTION",
      "name": "1 Minute Face Masks",
      "numReviews": 82,
      "price": 6,
      "category": "skincare",
      "type": "masks"
    },
    {
      "_id": "636bba870b6b2c405ac46bae",
      "stars": 4,
      "imageUrl": "https://www.sephora.com/productimages/sku/s2473361-main-zoom.jpg?imwidth=270&pb=2020-03-sephora-clean-2019&imwidth=164",
      "brand": "Summer Fridays",
      "name": "Jet Lag Mask",
      "numReviews": 4200,
      "price": 26,
      "category": "skincare",
      "type": "masks"
    },
    {
      "_id": "636bba870b6b2c405ac46baf",
      "stars": 4.5,
      "imageUrl": "https://www.sephora.com/productimages/sku/s2267581-main-zoom.jpg?imwidth=270&imwidth=164",
      "brand": "The Ordinary",
      "name": "Salicylic Acid 2% Masque",
      "numReviews": 510,
      "price": 12,
      "category": "skincare",
      "type": "masks"
    },
    {
      "_id": "636bba870b6b2c405ac46bb0",
      "stars": 4.5,
      "imageUrl": "https://www.sephora.com/productimages/sku/s2443240-main-zoom.jpg?imwidth=270&imwidth=164",
      "brand": "innisfree",
      "name": "Pore Clearing Clay Mask",
      "numReviews": 990,
      "price": 15,
      "category": "skincare",
      "type": "masks"
    },
    {
      "_id": "636bba870b6b2c405ac46bb1",
      "stars": 4.5,
      "imageUrl": "https://www.sephora.com/productimages/sku/s2315935-main-zoom.jpg?imwidth=270&pb=2020-03-sephora-clean-2019&imwidth=164",
      "brand": "Supergoop!",
      "name": "Unseen Sunscreen SPF 40 PA+++",
      "numReviews": 2600,
      "price": 20,
      "category": "skincare",
      "type": "sunscreen"
    },
    {
      "_id": "636bba870b6b2c405ac46bb2",
      "stars": 4,
      "imageUrl": "https://www.sephora.com/productimages/sku/s2315158-main-zoom.jpg?imwidth=270&pb=2020-03-sephora-clean-2019&imwidth=164",
      "brand": "Supergoop!",
      "name": "Glowscreen Sunscreen SPF 40 PA+++",
      "numReviews": 1000,
      "price": 36,
      "category": "skincare",
      "type": "sunscreen"
    },
    {
      "_id": "636bba870b6b2c405ac46bb3",
      "stars": 4.5,
      "imageUrl": "https://www.sephora.com/productimages/sku/s2338325-main-zoom.jpg?imwidth=270&imwidth=164",
      "brand": "innisfree",
      "name": "Daily UV Defense Sunscreen SPF 36",
      "numReviews": 886,
      "price": 15,
      "category": "skincare",
      "type": "sunscreen"
    },
    {
      "_id": "636bba870b6b2c405ac46bb4",
      "stars": 4,
      "imageUrl": "https://www.sephora.com/productimages/sku/s1855709-main-zoom.jpg?imwidth=270&imwidth=164",
      "brand": "Dr. Jart+",
      "name": "Cicapair™ Tiger Grass Color Correcting Treatment SPF 30",
      "numReviews": 4500,
      "price": 20,
      "category": "skincare",
      "type": "sunscreen"
    },
    {
      "_id": "636bba870b6b2c405ac46bb5",
      "stars": 4.5,
      "imageUrl": "https://www.sephora.com/productimages/sku/s2535359-main-zoom.jpg?imwidth=270&pb=2020-03-sephora-clean-2019&imwidth=164",
      "brand": "Supergoop!",
      "name": "Daily Dose Hydra-Ceramide Boost + SPF 40 Sunscreen Oil PA+++",
      "numReviews": 69,
      "price": 46,
      "category": "skincare",
      "type": "sunscreen"
    },
    {
      "_id": "636bba870b6b2c405ac46bb6",
      "stars": 4,
      "imageUrl": "https://www.sephora.com/productimages/sku/s2418879-main-zoom.jpg?imwidth=270&pb=2020-03-sephora-clean-2019&imwidth=164",
      "brand": "Fenty Skin",
      "name": "Hydra Vizor Invisible Moisturizer Broad Spectrum SPF 30 Sunscreen with Niacinamide",
      "numReviews": 553,
      "price": 22,
      "category": "skincare",
      "type": "sunscreen"
    },
    {
      "_id": "636bba870b6b2c405ac46bb7",
      "stars": 4,
      "imageUrl": "https://www.sephora.com/productimages/sku/s2233823-main-zoom.jpg?imwidth=270&pb=clean-planet-positive-badge-2021&imwidth=164",
      "brand": "SEPHORA COLLECTION",
      "name": "Gradual Self-Tanning Face Gel",
      "numReviews": 57,
      "price": 10,
      "category": "skincare",
      "type": "sunscreen"
    },
    {
      "_id": "636bba870b6b2c405ac46bb8",
      "stars": 4.5,
      "imageUrl": "https://www.sephora.com/productimages/sku/s2421170-main-zoom.jpg?imwidth=270&imwidth=164",
      "brand": "Paula's Choice",
      "name": "RESIST Youth-Extending Daily Hydrating Fluid SPF 50",
      "numReviews": 278,
      "price": 35,
      "category": "skincare",
      "type": "sunscreen"
    },
    {
      "_id": "636bba870b6b2c405ac46bb9",
      "stars": 4,
      "imageUrl": "https://www.sephora.com/productimages/sku/s2329191-main-zoom.jpg?imwidth=270&pb=2020-03-sephora-clean-2019&imwidth=164",
      "brand": "Supergoop!",
      "name": "Mini PLAY Everyday Sunscreen Lotion SPF 50 PA++++",
      "numReviews": 921,
      "price": 22,
      "category": "skincare",
      "type": "sunscreen"
    },
    {
      "_id": "636bba870b6b2c405ac46bba",
      "stars": 3.5,
      "imageUrl": "https://www.sephora.com/productimages/sku/s2458446-main-zoom.jpg?imwidth=270&pb=2020-03-sephora-clean-2019&imwidth=164",
      "brand": "Supergoop!",
      "name": "Mineral Mattescreen Sunscreen SPF 40 PA+++",
      "numReviews": 42,
      "price": 38,
      "category": "skincare",
      "type": "sunscreen"
    }
  ],
  [
    {
      "_id": "636bba870b6b2c405ac46bd9",
      "stars": 4.5,
      "imageUrl": "https://www.sephora.com/productimages/sku/s513168-main-zoom.jpg?imwidth=270&imwidth=164",
      "brand": "CHANEL",
      "name": "COCO MADEMOISELLE Eau de Parfum",
      "numReviews": 804,
      "price": 90,
      "category": "fragrance",
      "type": "women"
    },
    {
      "_id": "636bba870b6b2c405ac46bda",
      "stars": 4.5,
      "imageUrl": "https://www.sephora.com/productimages/sku/s1688852-main-zoom.jpg?imwidth=270&imwidth=164",
      "brand": "Yves Saint Laurent",
      "name": "Black Opium Eau de Parfum",
      "numReviews": 6800,
      "price": 29,
      "category": "fragrance",
      "type": "women"
    },
    {
      "_id": "636bba870b6b2c405ac46bdb",
      "stars": 4.5,
      "imageUrl": "https://www.sephora.com/productimages/sku/s2249738-main-zoom.jpg?imwidth=270&imwidth=164",
      "brand": "Yves Saint Laurent",
      "name": "Libre Eau De Parfum",
      "numReviews": 3300,
      "price": 30,
      "category": "fragrance",
      "type": "women"
    },
    {
      "_id": "636bba870b6b2c405ac46bdc",
      "stars": 4.5,
      "imageUrl": "https://www.sephora.com/productimages/sku/s1930759-main-zoom.jpg?imwidth=270&imwidth=164",
      "brand": "Sol de Janeiro",
      "name": "Brazilian Crush Cheirosa ’62 Bum Bum Hair & Body Fragrance Mist",
      "numReviews": 1300,
      "price": 20,
      "category": "fragrance",
      "type": "women"
    },
    {
      "_id": "636bba870b6b2c405ac46bdd",
      "stars": 4.5,
      "imageUrl": "https://www.sephora.com/productimages/sku/s2170686-main-zoom.jpg?imwidth=270&imwidth=164",
      "brand": "CHANEL",
      "name": "Chance Eau Tendre Eau de Parfum",
      "numReviews": 195,
      "price": 90,
      "category": "fragrance",
      "type": "women"
    },
    {
      "_id": "636bba870b6b2c405ac46bde",
      "stars": 4.5,
      "imageUrl": "https://www.sephora.com/productimages/sku/s1377159-main-zoom.jpg?imwidth=270&imwidth=164",
      "brand": "Viktor&Rolf",
      "name": "Flowerbomb",
      "numReviews": 4900,
      "price": 30,
      "category": "fragrance",
      "type": "women"
    },
    {
      "_id": "636bba870b6b2c405ac46bdf",
      "stars": 4.5,
      "imageUrl": "https://www.sephora.com/productimages/sku/s1960707-main-zoom.jpg?imwidth=270&imwidth=164",
      "brand": "Carolina Herrera",
      "name": "Good Girl Eau de Parfum",
      "numReviews": 508,
      "price": 29,
      "category": "fragrance",
      "type": "women"
    },
    {
      "_id": "636bba870b6b2c405ac46be0",
      "stars": 4.5,
      "imageUrl": "https://www.sephora.com/productimages/sku/s2480564-main-zoom.jpg?imwidth=270&imwidth=164",
      "brand": "Viktor&Rolf",
      "name": "Flowerbomb Ruby Orchid Eau de Parfum",
      "numReviews": 339,
      "price": 33,
      "category": "fragrance",
      "type": "women"
    },
    {
      "_id": "636bba870b6b2c405ac46be1",
      "stars": 4.5,
      "imageUrl": "https://www.sephora.com/productimages/sku/s1788058-main-zoom.jpg?imwidth=270&imwidth=164",
      "brand": "Maison Margiela",
      "name": "’REPLICA’ By the Fireplace",
      "numReviews": 1500,
      "price": 30,
      "category": "fragrance",
      "type": "women"
    },
    {
      "_id": "636bba870b6b2c405ac46be2",
      "stars": 4.5,
      "imageUrl": "https://www.sephora.com/productimages/sku/s2543767-main-zoom.jpg?imwidth=270&imwidth=164",
      "brand": "Maison Margiela",
      "name": "REPLICA' Memory Box Perfume Set",
      "numReviews": 13,
      "price": 35,
      "category": "fragrance",
      "type": "women"
    },
    {
      "_id": "636bba870b6b2c405ac46be3",
      "stars": 5,
      "imageUrl": "https://www.sephora.com/productimages/sku/s1284710-main-zoom.jpg?imwidth=270&imwidth=164",
      "brand": "CHANEL",
      "name": "BLEU DE CHANEL Eau de Toilette",
      "numReviews": 107,
      "price": 90,
      "category": "fragrance",
      "type": "men"
    },
    {
      "_id": "636bba870b6b2c405ac46be4",
      "stars": 5,
      "imageUrl": "https://www.sephora.com/productimages/sku/s1695972-main-zoom.jpg?imwidth=270&imwidth=164",
      "brand": "CHANEL",
      "name": "BLEU DE CHANEL Eau de Parfum",
      "numReviews": 186,
      "price": 102,
      "category": "fragrance",
      "type": "men"
    },
    {
      "_id": "636bba870b6b2c405ac46be5",
      "stars": 4.5,
      "imageUrl": "https://www.sephora.com/productimages/sku/s1788058-main-zoom.jpg?imwidth=270&imwidth=164",
      "brand": "Maison Margiela",
      "name": "’REPLICA’ By the Fireplace",
      "numReviews": 1500,
      "price": 30,
      "category": "fragrance",
      "type": "men"
    },
    {
      "_id": "636bba870b6b2c405ac46be6",
      "stars": 4.5,
      "imageUrl": "https://www.sephora.com/productimages/sku/s1739317-main-zoom.jpg?imwidth=270&imwidth=164",
      "brand": "Dior",
      "name": "Sauvage Eau de Toilette",
      "numReviews": 834,
      "price": 59,
      "category": "fragrance",
      "type": "men"
    },
    {
      "_id": "636bba870b6b2c405ac46be7",
      "stars": 4.5,
      "imageUrl": "https://www.sephora.com/productimages/sku/s1513225-main-zoom.jpg?imwidth=270&imwidth=164",
      "brand": "Versace",
      "name": "Eros",
      "numReviews": 378,
      "price": 30,
      "category": "fragrance",
      "type": "men"
    },
    {
      "_id": "636bba870b6b2c405ac46be8",
      "stars": 4.5,
      "imageUrl": "https://www.sephora.com/productimages/sku/s2038123-main-zoom.jpg?imwidth=270&imwidth=164",
      "brand": "Dior",
      "name": "Sauvage Eau de Parfum",
      "numReviews": 651,
      "price": 100,
      "category": "fragrance",
      "type": "men"
    },
    {
      "_id": "636bba870b6b2c405ac46be9",
      "stars": 4.5,
      "imageUrl": "https://www.sephora.com/productimages/sku/s2047801-main-zoom.jpg?imwidth=270&pb=clean-planet-positive-badge-2021&imwidth=164",
      "brand": "The 7 Virtues",
      "name": "Vanilla Woods Eau de Parfum",
      "numReviews": 867,
      "price": 30,
      "category": "fragrance",
      "type": "men"
    },
    {
      "_id": "636bba870b6b2c405ac46bea",
      "stars": 4.5,
      "imageUrl": "https://www.sephora.com/productimages/sku/s1602259-main-zoom.jpg?imwidth=270&imwidth=164",
      "brand": "Maison Margiela",
      "name": "’REPLICA’ Jazz Club",
      "numReviews": 845,
      "price": 30,
      "category": "fragrance",
      "type": "men"
    },
    {
      "_id": "636bba870b6b2c405ac46beb",
      "stars": 4.5,
      "imageUrl": "https://www.sephora.com/productimages/sku/s1449289-main-zoom.jpg?imwidth=270&imwidth=164",
      "brand": "TOM FORD",
      "name": "Tobacco Vanille",
      "numReviews": 814,
      "price": 65,
      "category": "fragrance",
      "type": "men"
    },
    {
      "_id": "636bba870b6b2c405ac46bec",
      "stars": 4,
      "imageUrl": "https://www.sephora.com/productimages/sku/s2471514-main-zoom.jpg?imwidth=270&imwidth=164",
      "brand": "Maison Margiela",
      "name": "'REPLICA' When the Rain Stops",
      "numReviews": 192,
      "price": 32,
      "category": "fragrance",
      "type": "men"
    },
    {
      "_id": "636bba870b6b2c405ac46bed",
      "stars": 2.5,
      "imageUrl": "https://www.sephora.com/productimages/sku/s2398303-main-zoom.jpg?imwidth=270&pb=2020-03-sephora-value-2020&imwidth=164",
      "brand": "SEPHORA COLLECTION",
      "name": "Depart Scented Candle",
      "numReviews": 5,
      "price": 18,
      "category": "fragrance",
      "type": "candles"
    },
    {
      "_id": "636bba870b6b2c405ac46bee",
      "stars": 4,
      "imageUrl": "https://www.sephora.com/productimages/sku/s2307155-main-zoom.jpg?imwidth=270&pb=2020-03-sephora-value-2020&imwidth=164",
      "brand": "SEPHORA COLLECTION",
      "name": "Unwind Scented Candle",
      "numReviews": 17,
      "price": 18,
      "category": "fragrance",
      "type": "candles"
    },
    {
      "_id": "636bba870b6b2c405ac46bef",
      "stars": 4.5,
      "imageUrl": "https://www.sephora.com/productimages/sku/s2339331-main-zoom.jpg?imwidth=270&pb=2020-03-sephora-value-2020&imwidth=164",
      "brand": "SEPHORA COLLECTION",
      "name": "Frosted Kisses Candle",
      "numReviews": 13,
      "price": 18,
      "category": "fragrance",
      "type": "candles"
    },
    {
      "_id": "636bba870b6b2c405ac46bf0",
      "stars": 4,
      "imageUrl": "https://www.sephora.com/productimages/sku/s2307148-main-zoom.jpg?imwidth=270&pb=2020-03-sephora-value-2020&imwidth=164",
      "brand": "SEPHORA COLLECTION",
      "name": "Refresh Scented Candle",
      "numReviews": 7,
      "price": 18,
      "category": "fragrance",
      "type": "candles"
    },
    {
      "_id": "636bba870b6b2c405ac46bf1",
      "stars": 3.5,
      "imageUrl": "https://www.sephora.com/productimages/sku/s2306157-main-zoom.jpg?imwidth=270&pb=2020-03-sephora-value-2020&imwidth=164",
      "brand": "SEPHORA COLLECTION",
      "name": "Bloom Scented Candle",
      "numReviews": 8,
      "price": 18,
      "category": "fragrance",
      "type": "candles"
    },
    {
      "_id": "636bba870b6b2c405ac46bf2",
      "stars": 3.5,
      "imageUrl": "https://www.sephora.com/productimages/sku/s2307130-main-zoom.jpg?imwidth=270&pb=2020-03-sephora-value-2020&imwidth=164",
      "brand": "SEPHORA COLLECTION",
      "name": "Pop Fizz Scented Candle",
      "numReviews": 13,
      "price": 18,
      "category": "fragrance",
      "type": "candles"
    },
    {
      "_id": "636bba870b6b2c405ac46bf3",
      "stars": 3.5,
      "imageUrl": "https://www.sephora.com/productimages/sku/s2524197-main-zoom.jpg?imwidth=270&imwidth=164",
      "brand": "Summer Fridays",
      "name": "Soft Vanilla Candle",
      "numReviews": 8,
      "price": 27,
      "category": "fragrance",
      "type": "candles"
    },
    {
      "_id": "636bba870b6b2c405ac46bf4",
      "stars": 5,
      "imageUrl": "https://www.sephora.com/productimages/sku/s2540870-main-zoom.jpg?imwidth=270&imwidth=164",
      "brand": "VOLUSPA",
      "name": "Mini Spring Candle Set",
      "numReviews": 1,
      "price": 48,
      "category": "fragrance",
      "type": "candles"
    },
    {
      "_id": "636bba870b6b2c405ac46bf5",
      "stars": 4,
      "imageUrl": "https://www.sephora.com/productimages/sku/s2370716-main-zoom.jpg?imwidth=270&imwidth=164",
      "brand": "NEST New York",
      "name": "Holiday & Birchwood Pine PURA Diffuser Set",
      "numReviews": 16,
      "price": 85,
      "category": "fragrance",
      "type": "candles"
    }
  ],
  [
    {
      "imageUrl": "https://www.sephora.com/contentimages/homepage/092022/Homepage/RWD/gifts%2032@3x.png?imwidth=53",
      "name": "Gifts & Value Sets"
    },
    {
      "imageUrl": "https://www.sephora.com/contentimages/categorybanners/RWD/icons/luxury_beauty.svg",
      "name": "Luxe Skin"
    },
    {
      "imageUrl": "https://www.sephora.com/contentimages/homepage/100422/Homepage/RWD/under25%2032@3x.jpg?imwidth=53",
      "name": "Makeup Under $25"
    },
    {
      "imageUrl": "https://www.sephora.com/contentimages/homepage/060222/Homepage/RWD/CategoryTiles/homepage_featured_category_tile_skincare_cleanser_moisturizer_us_ca_rwd_slice.jpg?imwidth=53",
      "name": "Moisturizers"
    },
    {
      "imageUrl": "https://www.sephora.com/contentimages/homepage/091322/Homepage/RWD/hair%20dryer.JPG?imwidth=53",
      "name": "Hair Styling & Treatments"
    },
    {
      "imageUrl": "https://www.sephora.com/contentimages/homepage/060222/Homepage/RWD/CategoryTiles/homepage_featured_category_tile_fragrance_bottle_us_ca_rwd_slice.jpg?imwidth=53",
      "name": "Perfume"
    },
    {
      "imageUrl": "https://www.sephora.com/contentimages/homepage/060222/Homepage/RWD/CategoryTiles/homepage_featured_category_tile_sephoracollection_SC_us_ca_rwd_slice.jpg?imwidth=53",
      "name": "Sephora Collection"
    },
    {
      "imageUrl": "https://www.sephora.com/contentimages/homepage/060222/Homepage/RWD/CategoryTiles/homepage_featured_category_tile_samples_32_us_ca_rwd_slice.png?imwidth=53",
      "name": "Jumbos"
    }
  ],
  [
    {
      "imageUrl": "https://www.sephora.com/contentimages/categorybanners/RWD/icons/gift_finder.svg",
      "name": "Gifting Quiz"
    },
    {
      "imageUrl": "https://www.sephora.com/contentimages/categorybanners/RWD/icons/clean_guide.svg",
      "name": "Clean Beauty"
    },
    {
      "imageUrl": "https://www.sephora.com/contentimages/categorybanners/RWD/icons/foundation_guide.svg",
      "name": "Foundation Quiz"
    },
    {
      "imageUrl": "https://www.sephora.com/contentimages/categorybanners/RWD/icons/skincare_age.svg",
      "name": "Skincare Routine"
    },
    {
      "imageUrl": "https://www.sephora.com/contentimages/homepage/060222/Homepage/RWD/CategoryTiles/homepage_featured_category_tile_healthy%20scalp%20guide_us_ca_rwd_slice.png?imwidth=53",
      "name": "Shiny Hair Guide"
    },
    {
      "imageUrl": "https://www.sephora.com/contentimages/categorybanners/RWD/icons/niche_fragrances.svg",
      "name": "Fragrance Hub"
    },
    {
      "imageUrl": "https://www.sephora.com/contentimages/categorybanners/RWD/icons/skincare_quiz.svg",
      "name": "Clinical Skincare"
    },
    {
      "imageUrl": "https://www.sephora.com/contentimages/homepage/060222/Homepage/RWD/CategoryTiles/homepage_featured_category_tile_BOB_us_rwd_slice.png?imwidth=53",
      "name": "Black-Owned Brands"
    }
  ]
]
