[
  [
    {
      "imageUrl": "https://www.sephora.com/productimages/sku/s2518959-main-zoom.jpg?imwidth=270&imwidth=164",
      "brand": "Rare Beauty by Selena Gomez",
      "name": "Soft Pinch Liquid Blush",
      "stars": 4.5,
      "numReviews": 2300,
      "price": 20,
      "category": "makeup",
      "type": "face",
      "id": 1
    }
  ],
  [
    {
      "stars": 4.5,
      "imageUrl": "https://www.sephora.com/productimages/sku/s513168-main-zoom.jpg?imwidth=270&imwidth=164",
      "brand": "CHANEL",
      "name": "COCO MADEMOISELLE Eau de Parfum",
      "numReviews": 804,
      "price": 90,
      "category": "fragrance",
      "type": "women",
      "id": 121
    },
    {
      "stars": 4.5,
      "imageUrl": "https://www.sephora.com/productimages/sku/s1688852-main-zoom.jpg?imwidth=270&imwidth=164",
      "brand": "Yves Saint Laurent",
      "name": "Black Opium Eau de Parfum",
      "numReviews": 6800,
      "price": 29,
      "category": "fragrance",
      "type": "women",
      "id": 122
    },
    {
      "stars": 4.5,
      "imageUrl": "https://www.sephora.com/productimages/sku/s2249738-main-zoom.jpg?imwidth=270&imwidth=164",
      "brand": "Yves Saint Laurent",
      "name": "Libre Eau De Parfum",
      "numReviews": 3300,
      "price": 30,
      "category": "fragrance",
      "type": "women",
      "id": 123
    },
    {
      "stars": 4.5,
      "imageUrl": "https://www.sephora.com/productimages/sku/s1930759-main-zoom.jpg?imwidth=270&imwidth=164",
      "brand": "Sol de Janeiro",
      "name": "Brazilian Crush Cheirosa ’62 Bum Bum Hair & Body Fragrance Mist",
      "numReviews": 1300,
      "price": 20,
      "category": "fragrance",
      "type": "women",
      "id": 124
    },
    {
      "stars": 4.5,
      "imageUrl": "https://www.sephora.com/productimages/sku/s2170686-main-zoom.jpg?imwidth=270&imwidth=164",
      "brand": "CHANEL",
      "name": "Chance Eau Tendre Eau de Parfum",
      "numReviews": 195,
      "price": 90,
      "category": "fragrance",
      "type": "women",
      "id": 125
    },
    {
      "stars": 4.5,
      "imageUrl": "https://www.sephora.com/productimages/sku/s1377159-main-zoom.jpg?imwidth=270&imwidth=164",
      "brand": "Viktor&Rolf",
      "name": "Flowerbomb",
      "numReviews": 4900,
      "price": 30,
      "category": "fragrance",
      "type": "women",
      "id": 126
    },
    {
      "stars": 4.5,
      "imageUrl": "https://www.sephora.com/productimages/sku/s1960707-main-zoom.jpg?imwidth=270&imwidth=164",
      "brand": "Carolina Herrera",
      "name": "Good Girl Eau de Parfum",
      "numReviews": 508,
      "price": 29,
      "category": "fragrance",
      "type": "women",
      "id": 127
    },
    {
      "stars": 4.5,
      "imageUrl": "https://www.sephora.com/productimages/sku/s2480564-main-zoom.jpg?imwidth=270&imwidth=164",
      "brand": "Viktor&Rolf",
      "name": "Flowerbomb Ruby Orchid Eau de Parfum",
      "numReviews": 339,
      "price": 33,
      "category": "fragrance",
      "type": "women",
      "id": 128
    },
    {
      "stars": 4.5,
      "imageUrl": "https://www.sephora.com/productimages/sku/s1788058-main-zoom.jpg?imwidth=270&imwidth=164",
      "brand": "Maison Margiela",
      "name": "’REPLICA’ By the Fireplace",
      "numReviews": 1500,
      "price": 30,
      "category": "fragrance",
      "type": "women",
      "id": 129
    },
    {
      "stars": 4.5,
      "imageUrl": "https://www.sephora.com/productimages/sku/s2543767-main-zoom.jpg?imwidth=270&imwidth=164",
      "brand": "Maison Margiela",
      "name": "REPLICA' Memory Box Perfume Set",
      "numReviews": 13,
      "price": 35,
      "category": "fragrance",
      "type": "women",
      "id": 130
    },
    {
      "stars": 5,
      "imageUrl": "https://www.sephora.com/productimages/sku/s1284710-main-zoom.jpg?imwidth=270&imwidth=164",
      "brand": "CHANEL",
      "name": "BLEU DE CHANEL Eau de Toilette",
      "numReviews": 107,
      "price": 90,
      "category": "fragrance",
      "type": "men",
      "id": 131
    },
    {
      "stars": 5,
      "imageUrl": "https://www.sephora.com/productimages/sku/s1695972-main-zoom.jpg?imwidth=270&imwidth=164",
      "brand": "CHANEL",
      "name": "BLEU DE CHANEL Eau de Parfum",
      "numReviews": 186,
      "price": 102,
      "category": "fragrance",
      "type": "men",
      "id": 132
    },
    {
      "stars": 4.5,
      "imageUrl": "https://www.sephora.com/productimages/sku/s1788058-main-zoom.jpg?imwidth=270&imwidth=164",
      "brand": "Maison Margiela",
      "name": "’REPLICA’ By the Fireplace",
      "numReviews": 1500,
      "price": 30,
      "category": "fragrance",
      "type": "men",
      "id": 133
    },
    {
      "stars": 4.5,
      "imageUrl": "https://www.sephora.com/productimages/sku/s1739317-main-zoom.jpg?imwidth=270&imwidth=164",
      "brand": "Dior",
      "name": "Sauvage Eau de Toilette",
      "numReviews": 834,
      "price": 59,
      "category": "fragrance",
      "type": "men",
      "id": 134
    },
    {
      "stars": 4.5,
      "imageUrl": "https://www.sephora.com/productimages/sku/s1513225-main-zoom.jpg?imwidth=270&imwidth=164",
      "brand": "Versace",
      "name": "Eros",
      "numReviews": 378,
      "price": 30,
      "category": "fragrance",
      "type": "men",
      "id": 135
    },
    {
      "stars": 4.5,
      "imageUrl": "https://www.sephora.com/productimages/sku/s2038123-main-zoom.jpg?imwidth=270&imwidth=164",
      "brand": "Dior",
      "name": "Sauvage Eau de Parfum",
      "numReviews": 651,
      "price": 100,
      "category": "fragrance",
      "type": "men",
      "id": 136
    },
    {
      "stars": 4.5,
      "imageUrl": "https://www.sephora.com/productimages/sku/s2047801-main-zoom.jpg?imwidth=270&pb=clean-planet-positive-badge-2021&imwidth=164",
      "brand": "The 7 Virtues",
      "name": "Vanilla Woods Eau de Parfum",
      "numReviews": 867,
      "price": 30,
      "category": "fragrance",
      "type": "men",
      "id": 137
    },
    {
      "stars": 4.5,
      "imageUrl": "https://www.sephora.com/productimages/sku/s1602259-main-zoom.jpg?imwidth=270&imwidth=164",
      "brand": "Maison Margiela",
      "name": "’REPLICA’ Jazz Club",
      "numReviews": 845,
      "price": 30,
      "category": "fragrance",
      "type": "men",
      "id": 138
    },
    {
      "stars": 4.5,
      "imageUrl": "https://www.sephora.com/productimages/sku/s1449289-main-zoom.jpg?imwidth=270&imwidth=164",
      "brand": "TOM FORD",
      "name": "Tobacco Vanille",
      "numReviews": 814,
      "price": 65,
      "category": "fragrance",
      "type": "men",
      "id": 139
    }
  ]
]
