[
    {
        "imageUrl": "https://www.sephora.com/productimages/sku/s2518959-main-zoom.jpg?imwidth=270&imwidth=164",
        "brand": "Rare Beauty by Selena Gomez",
        "name": "Soft Pinch Liquid Blush",
        "stars": 4.5,
        "numReviews": 2300,
        "price": 20,
        "category": "makeup",
        "type": "face",
        "id": 1
    },
    {
        "imageUrl": "https://www.sephora.com/productimages/sku/s2116028-main-zoom.jpg?imwidth=270&imwidth=164",
        "brand": "Charlotte Tilbury",
        "name": "Hollywood Flawless Filter",
        "stars": 4.5,
        "numReviews": 1700,
        "price": 15,
        "category": "makeup",
        "type": "face",
        "id": 2
    },
    {
        "imageUrl": "https://www.sephora.com/productimages/sku/s2428837-main-zoom.jpg?imwidth=270&pb=allure-clean-2020&imwidth=164",
        "brand": "ILIA",
        "name": "Super Serum Skin Tint SPF 40 Foundation",
        "stars": 4,
        "numReviews": 2500,
        "price": 48,
        "category": "makeup",
        "type": "face",
        "id": 3
    },
    {
        "imageUrl": "https://www.sephora.com/productimages/sku/s1478403-main-zoom.jpg?imwidth=270&imwidth=164",
        "brand": "NARS",
        "name": "Radiant Creamy Concealer",
        "stars": 4.5,
        "numReviews": 12300,
        "price": 13,
        "category": "makeup",
        "type": "face",
        "id": 4
    },
    {
        "imageUrl": "https://www.sephora.com/productimages/sku/s2551851-main-zoom.jpg?imwidth=270&imwidth=164",
        "brand": "Charlotte Tilbury",
        "name": "Beautiful Skin Medium Coverage Liquid Foundation with Hyaluronic Acid",
        "stars": 4.5,
        "numReviews": 287,
        "price": 44,
        "category": "makeup",
        "type": "face",
        "id": 5
    },
    {
        "imageUrl": "https://www.sephora.com/productimages/sku/s2431864-main-zoom.jpg?imwidth=270&imwidth=164",
        "brand": "Fenty Beauty by Rihanna",
        "name": "Eaze Drop Blurring Skin Tint",
        "stars": 4,
        "numReviews": 1100,
        "price": 32,
        "category": "makeup",
        "type": "face",
        "id": 6
    },
    {
        "imageUrl": "https://www.sephora.com/productimages/sku/s2116333-main-zoom.jpg?imwidth=270&imwidth=164",
        "brand": "Charlotte Tilbury",
        "name": "Airbrush Flawless Finish Setting Powder",
        "stars": 4,
        "numReviews": 1600,
        "price": 25,
        "category": "makeup",
        "type": "face",
        "id": 7
    },
    {
        "imageUrl": "https://www.sephora.com/productimages/sku/s2514586-main-zoom.jpg?imwidth=270&imwidth=164",
        "brand": "NARS",
        "name": "Light Reflecting Advanced Skincare Foundation",
        "stars": 4.5,
        "numReviews": 233,
        "price": 49,
        "category": "makeup",
        "type": "face",
        "id": 8
    },
    {
        "imageUrl": "https://www.sephora.com/productimages/sku/s2407294-main-zoom.jpg?imwidth=270&imwidth=164",
        "brand": "Charlotte Tilbury",
        "name": "Mini Hollywood Flawless Filter",
        "stars": 4,
        "numReviews": 218,
        "price": 15,
        "category": "makeup",
        "type": "face",
        "id": 9
    },
    {
        "imageUrl": "https://www.sephora.com/productimages/sku/s2362168-main-zoom.jpg?imwidth=270&imwidth=164",
        "brand": "Rare Beauty by Selena Gomez",
        "name": "Positive Light Liquid Luminizer Highlight",
        "stars": 4.5,
        "numReviews": 634,
        "price": 22,
        "category": "makeup",
        "type": "face",
        "id": 10
    },
    {
        "imageUrl": "https://www.sephora.com/productimages/sku/s2157659-main-zoom.jpg?imwidth=270&pb=2020-03-sephora-value-2020&imwidth=164",
        "brand": "SEPHORA COLLECTION",
        "name": "Eye Love Eyeshadow Palette",
        "stars": 4,
        "numReviews": 468,
        "price": 10,
        "category": "makeup",
        "type": "eye",
        "id": 11
    },
    {
        "imageUrl": "https://www.sephora.com/productimages/sku/s2370773-main-zoom.jpg?imwidth=270&pb=2020-03-allure-best-2019&imwidth=164",
        "brand": "Kaja",
        "name": "Beauty Bento Bouncy Eyeshadow Trio",
        "stars": 4.5,
        "numReviews": 1600,
        "price": 21,
        "category": "makeup",
        "type": "eye",
        "id": 12
    },
    {
        "imageUrl": "https://www.sephora.com/productimages/sku/s2418101-main-zoom.jpg?imwidth=270&imwidth=164",
        "brand": "Urban Decay",
        "name": "24/7 Moondust Eyeshadow",
        "stars": 4.5,
        "numReviews": 189,
        "price": 22,
        "category": "makeup",
        "type": "eye",
        "id": 13
    },
    {
        "imageUrl": "https://www.sephora.com/productimages/sku/s2288082-main-zoom.jpg?imwidth=270&imwidth=164",
        "brand": "HUDA BEAUTY",
        "name": "Nude Obsessions Eyeshadow Palette",
        "stars": 4,
        "numReviews": 821,
        "price": 29,
        "category": "makeup",
        "type": "eye",
        "id": 14
    },
    {
        "imageUrl": "https://www.sephora.com/productimages/sku/s1987783-main-zoom.jpg?imwidth=270&imwidth=164",
        "brand": "TOM FORD",
        "name": "Eye Color Quad Eyeshadow Palette",
        "stars": 4.5,
        "numReviews": 200,
        "price": 52,
        "category": "makeup",
        "type": "eye",
        "id": 15
    },
    {
        "imageUrl": "https://www.sephora.com/productimages/sku/s2493732-main-zoom.jpg?imwidth=270&imwidth=164",
        "brand": "Violet Voss",
        "name": "Fun Sized Mini Eyeshadow Palette",
        "stars": 4,
        "numReviews": 453,
        "price": 18,
        "category": "makeup",
        "type": "eye",
        "id": 16
    },
    {
        "imageUrl": "https://www.sephora.com/productimages/sku/s2343986-main-zoom.jpg?imwidth=270&imwidth=164",
        "brand": "Dior",
        "name": "BACKSTAGE Eyeshadow Palette",
        "stars": 4.5,
        "numReviews": 305,
        "price": 49,
        "category": "makeup",
        "type": "eye",
        "id": 17
    },
    {
        "imageUrl": "https://www.sephora.com/productimages/sku/s2419588-main-zoom.jpg?imwidth=270&imwidth=164",
        "brand": "HUDA BEAUTY",
        "name": "Brown Obsessions Eyeshadow Palette",
        "stars": 4.5,
        "numReviews": 180,
        "price": 29,
        "category": "makeup",
        "type": "eye",
        "id": 18
    },
    {
        "imageUrl": "https://www.sephora.com/productimages/sku/s2417905-main-zoom.jpg?imwidth=270&pb=allure-best-2021-badge&imwidth=164",
        "brand": "Urban Decay",
        "name": "24/7 Eyeshadow",
        "stars": 4.5,
        "numReviews": 181,
        "price": 19,
        "category": "makeup",
        "type": "eye",
        "id": 19
    },
    {
        "imageUrl": "https://www.sephora.com/productimages/sku/s2191880-main-zoom.jpg?imwidth=270&imwidth=164",
        "brand": "NARS",
        "name": "Mini Voyageur Eyeshadow Palette",
        "stars": 4,
        "numReviews": 92,
        "price": 32,
        "category": "makeup",
        "type": "eye",
        "id": 20
    },
    {
        "imageUrl": "https://www.sephora.com/productimages/sku/s2255651-main-zoom.jpg?imwidth=270&pb=2020-03-sephora-value-2020&imwidth=164",
        "brand": "SEPHORA COLLECTION",
        "name": "Jelly Melt Glossy Lip Tint",
        "stars": 4.5,
        "numReviews": 396,
        "price": 5,
        "category": "makeup",
        "type": "lip",
        "id": 21
    },
    {
        "imageUrl": "https://www.sephora.com/productimages/sku/s1296060-main-zoom.jpg?imwidth=270&pb=2020-03-sephora-value-2020&imwidth=164",
        "brand": "SEPHORA COLLECTION",
        "name": "Cream Lip Stain Liquid Lipstick",
        "stars": 4.5,
        "numReviews": 10500,
        "price": 15,
        "category": "makeup",
        "type": "lip",
        "id": 22
    },
    {
        "imageUrl": "https://www.sephora.com/productimages/sku/s1691278-main-zoom.jpg?imwidth=270&pb=2020-03-sephora-value-2020&imwidth=164",
        "brand": "SEPHORA COLLECTION",
        "name": "Retractable Rouge Gel Lip Liner",
        "stars": 4.5,
        "numReviews": 995,
        "price": 9,
        "category": "makeup",
        "type": "lip",
        "id": 23
    },
    {
        "imageUrl": "https://www.sephora.com/productimages/sku/s2133528-main-zoom.jpg?imwidth=270&pb=2020-03-allure-best-2019&imwidth=164",
        "brand": "LANEIGE",
        "name": "Lip Sleeping Mask",
        "stars": 4.5,
        "numReviews": 14400,
        "price": 20,
        "category": "makeup",
        "type": "lip",
        "id": 24
    },
    {
        "imageUrl": "https://www.sephora.com/productimages/sku/s1656032-main-zoom.jpg?imwidth=270&pb=2020-03-sephora-value-2020&imwidth=164",
        "brand": "SEPHORA COLLECTION",
        "name": "Lip Liner To Go",
        "stars": 4,
        "numReviews": 719,
        "price": 6,
        "category": "makeup",
        "type": "lip",
        "id": 25
    },
    {
        "imageUrl": "https://www.sephora.com/productimages/sku/s2148385-main-zoom.jpg?imwidth=270&pb=2020-03-sephora-value-2020&imwidth=164",
        "brand": "SEPHORA COLLECTION",
        "name": "#LIPSTORIES Lipstick",
        "stars": 4.5,
        "numReviews": 3400,
        "price": 9,
        "category": "makeup",
        "type": "lip",
        "id": 26
    },
    {
        "imageUrl": "https://www.sephora.com/productimages/sku/s2553386-main-zoom.jpg?imwidth=270&imwidth=164",
        "brand": "MAKEUP BY MARIO",
        "name": "Moisture Glow™ Plumping Lip Serum",
        "stars": 4.5,
        "numReviews": 14,
        "price": 22,
        "category": "makeup",
        "type": "lip",
        "id": 27
    },
    {
        "imageUrl": "https://www.sephora.com/productimages/sku/s2447043-main-zoom.jpg?imwidth=270&imwidth=164",
        "brand": "Dior",
        "name": "Dior Addict Lip Glow",
        "stars": 4.5,
        "numReviews": 1600,
        "price": 35,
        "category": "makeup",
        "type": "lip",
        "id": 28
    },
    {
        "imageUrl": "https://www.sephora.com/productimages/sku/s2116515-main-zoom.jpg?imwidth=270&imwidth=164",
        "brand": "Charlotte Tilbury",
        "name": "Lip Cheat Lip Liner",
        "stars": 4.5,
        "numReviews": 286,
        "price": 24,
        "category": "makeup",
        "type": "lip",
        "id": 29
    },
    {
        "imageUrl": "https://www.sephora.com/productimages/sku/s1925965-main-zoom.jpg?imwidth=270&imwidth=164",
        "brand": "Fenty Beauty by Rihanna",
        "name": "Gloss Bomb Universal Lip Luminizer",
        "stars": 4.5,
        "numReviews": 11600,
        "price": 20,
        "category": "makeup",
        "type": "lip",
        "id": 30
    },
    {
        "imageUrl": "https://www.sephora.com/productimages/sku/s2518959-main-zoom.jpg?imwidth=270&imwidth=164",
        "brand": "Rare Beauty by Selena Gomez",
        "name": "Soft Pinch Liquid Blush",
        "stars": 4.5,
        "numReviews": 2300,
        "price": 20,
        "category": "makeup",
        "type": "cheek",
        "id": 31
    },
    {
        "imageUrl": "https://www.sephora.com/productimages/sku/s2518892-main-zoom.jpg?imwidth=270&imwidth=164",
        "brand": "Rare Beauty by Selena Gomez",
        "name": "Warm Wishes Effortless Bronzer Sticks",
        "stars": 4.5,
        "numReviews": 849,
        "price": 23,
        "category": "makeup",
        "type": "cheek",
        "id": 32
    },
    {
        "imageUrl": "https://www.sephora.com/productimages/sku/s2418663-main-zoom.jpg?imwidth=270&pb=allure-best-2021-badge&imwidth=164",
        "brand": "Rare Beauty by Selena Gomez",
        "name": "Stay Vulnerable Melting Cream Blush",
        "stars": 4.5,
        "numReviews": 651,
        "price": 21,
        "category": "makeup",
        "type": "cheek",
        "id": 33
    },
    {
        "imageUrl": "https://www.sephora.com/productimages/sku/s248930-main-zoom.jpg?imwidth=270&imwidth=164",
        "brand": "NARS",
        "name": "Blush",
        "stars": 4.5,
        "numReviews": 18000,
        "price": 16,
        "category": "makeup",
        "type": "cheek",
        "id": 34
    },
    {
        "imageUrl": "https://www.sephora.com/productimages/sku/s2257251-main-zoom.jpg?imwidth=270&pb=2020-03-sephora-clean-2019&imwidth=164",
        "brand": "MILK MAKEUP",
        "name": "Lip + Cheek Cream Blush Stick",
        "stars": 4,
        "numReviews": 781,
        "price": 20,
        "category": "makeup",
        "type": "cheek",
        "id": 35
    },
    {
        "imageUrl": "https://www.sephora.com/productimages/sku/s2257269-main-zoom.jpg?imwidth=270&pb=2020-03-sephora-clean-2019&imwidth=164",
        "brand": "MILK MAKEUP",
        "name": "Matte Cream Bronzer Stick",
        "stars": 4,
        "numReviews": 1100,
        "price": 20,
        "category": "makeup",
        "type": "cheek",
        "id": 36
    },
    {
        "imageUrl": "https://www.sephora.com/productimages/sku/s513234-main-zoom.jpg?imwidth=270&imwidth=164",
        "brand": "Benefit Cosmetics",
        "name": "Hoola Bronzer",
        "stars": 4.5,
        "numReviews": 3200,
        "price": 17,
        "category": "makeup",
        "type": "cheek",
        "id": 37
    },
    {
        "imageUrl": "https://www.sephora.com/productimages/sku/s2352813-main-zoom.jpg?imwidth=270&imwidth=164",
        "brand": "Fenty Beauty by Rihanna",
        "name": "Cheeks Out Freestyle Cream Blush",
        "stars": 4.5,
        "numReviews": 1100,
        "price": 22,
        "category": "makeup",
        "type": "cheek",
        "id": 38
    },
    {
        "imageUrl": "https://www.sephora.com/productimages/sku/s2351187-main-zoom.jpg?imwidth=270&imwidth=164",
        "brand": "Charlotte Tilbury",
        "name": "Airbrush Matte Bronzer",
        "stars": 4,
        "numReviews": 280,
        "price": 56,
        "category": "makeup",
        "type": "cheek",
        "id": 39
    },
    {
        "imageUrl": "https://www.sephora.com/productimages/sku/s2284875-main-zoom.jpg?imwidth=270&pb=allure-best-2021-badge&imwidth=164",
        "brand": "Tower 28 Beauty",
        "name": "BeachPlease Lip + Cheek Cream Blush",
        "stars": 4.5,
        "numReviews": 661,
        "price": 20,
        "category": "makeup",
        "type": "cheek",
        "id": 40
    },
    {
        "stars": 4.5,
        "imageUrl": "https://www.sephora.com/productimages/sku/s1947878-main-zoom.jpg?imwidth=270&pb=2020-03-sephora-clean-2019&imwidth=164",
        "brand": "KORA Organics",
        "name": "Noni Glow Face Oil",
        "numReviews": 616,
        "price": 25,
        "category": "skincare",
        "type": "moisturizers",
        "id": 41
    },
    {
        "stars": 4.5,
        "imageUrl": "https://www.sephora.com/productimages/sku/s2535128-main-zoom.jpg?imwidth=270&pb=2020-03-sephora-clean-2019&imwidth=164",
        "brand": "Glow Recipe",
        "name": "Plum Plump Hyaluronic Acid Moisturizer",
        "numReviews": 671,
        "price": 33,
        "category": "skincare",
        "type": "moisturizers",
        "id": 42
    },
    {
        "stars": 4.5,
        "imageUrl": "https://www.sephora.com/productimages/sku/s2215945-main-zoom.jpg?imwidth=270&pb=2020-03-allure-clean-2019&imwidth=164",
        "brand": "Skinfix",
        "name": "Barrier+ Triple Lipid-Peptide Face Cream",
        "numReviews": 1600,
        "price": 20,
        "category": "skincare",
        "type": "moisturizers",
        "id": 43
    },
    {
        "stars": 4.5,
        "imageUrl": "https://www.sephora.com/productimages/sku/s1217744-main-zoom.jpg?imwidth=270&pb=2020-03-sephora-clean-2019&imwidth=164",
        "brand": "First Aid Beauty",
        "name": "Ultra Repair® Cream Intense Hydration",
        "numReviews": 7300,
        "price": 15,
        "category": "skincare",
        "type": "moisturizers",
        "id": 44
    },
    {
        "stars": 4,
        "imageUrl": "https://www.sephora.com/productimages/sku/s2120491-main-zoom.jpg?imwidth=270&pb=2020-03-sephora-clean-2019&imwidth=164",
        "brand": "KORA Organics",
        "name": "Mini Noni Glow Face Oil",
        "numReviews": 150,
        "price": 25,
        "category": "skincare",
        "type": "moisturizers",
        "id": 45
    },
    {
        "stars": 4,
        "imageUrl": "https://www.sephora.com/productimages/sku/s2031425-main-zoom.jpg?imwidth=270&imwidth=164",
        "brand": "The Ordinary",
        "name": "Natural Moisturizing Factors + HA",
        "numReviews": 1700,
        "price": 6,
        "category": "skincare",
        "type": "moisturizers",
        "id": 46
    },
    {
        "stars": 4,
        "imageUrl": "https://www.sephora.com/productimages/sku/s2181006-main-zoom.jpg?imwidth=270&pb=2020-03-sephora-clean-2019&imwidth=164",
        "brand": "Tatcha",
        "name": "The Dewy Skin Cream Plumping & Hydrating Moisturizer",
        "numReviews": 2300,
        "price": 20,
        "category": "skincare",
        "type": "moisturizers",
        "id": 47
    },
    {
        "stars": 4.5,
        "imageUrl": "https://www.sephora.com/productimages/sku/s2348431-main-zoom.jpg?imwidth=270&pb=2020-03-sephora-clean-2019&imwidth=164",
        "brand": "Glow Recipe",
        "name": "Watermelon Glow PHA +BHA Pore-Tight Toner",
        "numReviews": 2500,
        "price": 15,
        "category": "skincare",
        "type": "moisturizers",
        "id": 48
    },
    {
        "stars": 4.5,
        "imageUrl": "https://www.sephora.com/productimages/sku/s2180941-main-zoom.jpg?imwidth=270&pb=2020-03-allure-clean-2019&imwidth=164",
        "brand": "Youth To The People",
        "name": "Superberry Hydrate + Glow Dream Mask with Vitamin C",
        "numReviews": 2100,
        "price": 15,
        "category": "skincare",
        "type": "moisturizers",
        "id": 49
    },
    {
        "stars": 4.5,
        "imageUrl": "https://www.sephora.com/productimages/sku/s2172526-main-zoom.jpg?imwidth=270&imwidth=164",
        "brand": "Kiehl's Since 1851",
        "name": "Ultra Facial Moisturizing Cream with Squalane",
        "numReviews": 1900,
        "price": 22,
        "category": "skincare",
        "type": "moisturizers",
        "id": 50
    },
    {
        "stars": 4.5,
        "imageUrl": "https://www.sephora.com/productimages/sku/s2421360-main-zoom.jpg?imwidth=270&imwidth=164",
        "brand": "Paula's Choice",
        "name": "Skin Perfecting 2% BHA Liquid Exfoliant",
        "numReviews": 619,
        "price": 11,
        "category": "skincare",
        "type": "cleansers",
        "id": 51
    },
    {
        "stars": 4.5,
        "imageUrl": "https://www.sephora.com/productimages/sku/s1863588-main-zoom.jpg?imwidth=270&pb=clean-planet-positive-badge-2021&imwidth=164",
        "brand": "Youth To The People",
        "name": "Superfood Antioxidant Cleanser",
        "numReviews": 4900,
        "price": 12,
        "category": "skincare",
        "type": "cleansers",
        "id": 52
    },
    {
        "stars": 4.5,
        "imageUrl": "https://www.sephora.com/productimages/sku/s1899103-main-zoom.jpg?imwidth=270&pb=clean-planet-positive-badge-2021&imwidth=164",
        "brand": "Farmacy",
        "name": "Green Clean Makeup Removing Cleansing Balm",
        "numReviews": 5300,
        "price": 22,
        "category": "skincare",
        "type": "cleansers",
        "id": 53
    },
    {
        "stars": 4.5,
        "imageUrl": "https://www.sephora.com/productimages/sku/s2382232-main-zoom.jpg?imwidth=270&pb=2020-03-sephora-clean-2019&imwidth=164",
        "brand": "Tatcha",
        "name": "The Rice Wash Skin-Softening Cleanser",
        "numReviews": 2000,
        "price": 36,
        "category": "skincare",
        "type": "cleansers",
        "id": 54
    },
    {
        "stars": 4.5,
        "imageUrl": "https://www.sephora.com/productimages/sku/s2031508-main-zoom.jpg?imwidth=270&imwidth=164",
        "brand": "The Ordinary",
        "name": "Glycolic Acid 7% Exfoliating Toning Solution",
        "numReviews": 2400,
        "price": 9,
        "category": "skincare",
        "type": "cleansers",
        "id": 55
    },
    {
        "stars": 4,
        "imageUrl": "https://www.sephora.com/productimages/sku/s2335636-main-zoom.jpg?imwidth=270&pb=allure-best-2020&imwidth=164",
        "brand": "The INKEY List",
        "name": "Oat Cleansing Balm",
        "numReviews": 1400,
        "price": 4,
        "category": "skincare",
        "type": "cleansers",
        "id": 56
    },
    {
        "stars": 4.5,
        "imageUrl": "https://www.sephora.com/productimages/sku/s2348431-main-zoom.jpg?imwidth=270&pb=2020-03-sephora-clean-2019&imwidth=164",
        "brand": "Glow Recipe",
        "name": "Watermelon Glow PHA +BHA Pore-Tight Toner",
        "numReviews": 2500,
        "price": 15,
        "category": "skincare",
        "type": "cleansers",
        "id": 57
    },
    {
        "stars": 4.5,
        "imageUrl": "https://www.sephora.com/productimages/sku/s2211605-main-zoom.jpg?imwidth=270&pb=2020-03-sephora-clean-2019&imwidth=164",
        "brand": "The INKEY List",
        "name": "Salicylic Acid Acne + Pore Cleanser",
        "numReviews": 997,
        "price": 10,
        "category": "skincare",
        "type": "cleansers",
        "id": 58
    },
    {
        "stars": 4.5,
        "imageUrl": "https://www.sephora.com/productimages/sku/s2367829-main-zoom.jpg?imwidth=270&pb=2020-03-sephora-clean-2019&imwidth=164",
        "brand": "fresh",
        "name": "Soy Makeup Removing Face Wash",
        "numReviews": 8500,
        "price": 15,
        "category": "skincare",
        "type": "cleansers",
        "id": 59
    },
    {
        "stars": 4,
        "imageUrl": "https://www.sephora.com/productimages/sku/s2468916-main-zoom.jpg?imwidth=270&pb=2020-03-sephora-clean-2019&imwidth=164",
        "brand": "Tatcha",
        "name": "The Deep Cleanse Gentle Exfoliating Cleanser",
        "numReviews": 2200,
        "price": 16,
        "category": "skincare",
        "type": "cleansers",
        "id": 60
    },
    {
        "stars": 4,
        "imageUrl": "https://www.sephora.com/productimages/sku/s2031375-main-zoom.jpg?imwidth=270&pb=2020-03-allure-best-2019&imwidth=164",
        "brand": "The Ordinary",
        "name": "Hyaluronic Acid 2% + B5 Hydrating Serum",
        "numReviews": 2900,
        "price": 7,
        "category": "skincare",
        "type": "treatments",
        "id": 61
    },
    {
        "stars": 4.5,
        "imageUrl": "https://www.sephora.com/productimages/sku/s2031391-main-zoom.jpg?imwidth=270&imwidth=164",
        "brand": "The Ordinary",
        "name": "Niacinamide 10% + Zinc 1% Oil Control Serum",
        "numReviews": 5000,
        "price": 6,
        "category": "skincare",
        "type": "treatments",
        "id": 62
    },
    {
        "stars": 4.5,
        "imageUrl": "https://www.sephora.com/productimages/sku/s2210607-main-zoom.jpg?imwidth=270&imwidth=164",
        "brand": "The Ordinary",
        "name": "AHA 30% + BHA 2% Exfoliating Peeling Solution",
        "numReviews": 2900,
        "price": 7,
        "category": "skincare",
        "type": "treatments",
        "id": 63
    },
    {
        "stars": 4.5,
        "imageUrl": "https://www.sephora.com/productimages/sku/s2404846-main-zoom.jpg?imwidth=270&pb=2020-03-sephora-clean-2019&imwidth=164",
        "brand": "Glow Recipe",
        "name": "Watermelon Glow Niacinamide Dew Drops",
        "numReviews": 1400,
        "price": 34,
        "category": "skincare",
        "type": "treatments",
        "id": 64
    },
    {
        "stars": 4,
        "imageUrl": "https://www.sephora.com/productimages/sku/s2031425-main-zoom.jpg?imwidth=270&imwidth=164",
        "brand": "The Ordinary",
        "name": "Natural Moisturizing Factors + HA",
        "numReviews": 1700,
        "price": 6,
        "category": "skincare",
        "type": "treatments",
        "id": 65
    },
    {
        "stars": 4.5,
        "imageUrl": "https://www.sephora.com/productimages/sku/s2348431-main-zoom.jpg?imwidth=270&pb=2020-03-sephora-clean-2019&imwidth=164",
        "brand": "Glow Recipe",
        "name": "Watermelon Glow PHA +BHA Pore-Tight Toner",
        "numReviews": 2500,
        "price": 15,
        "category": "skincare",
        "type": "treatments",
        "id": 66
    },
    {
        "stars": 3.5,
        "imageUrl": "https://www.sephora.com/productimages/sku/s2495687-main-zoom.jpg?imwidth=270&imwidth=164",
        "brand": "The Ordinary",
        "name": "Salicylic Acid 2% Anhydrous Solution Pore Clearing Serum",
        "numReviews": 58,
        "price": 6,
        "category": "skincare",
        "type": "treatments",
        "id": 67
    },
    {
        "stars": 4,
        "imageUrl": "https://www.sephora.com/productimages/sku/s2031409-main-zoom.jpg?imwidth=270&imwidth=164",
        "brand": "The Ordinary",
        "name": "Caffeine 5% + ECGC Depuffing Eye Serum",
        "numReviews": 1800,
        "price": 7,
        "category": "skincare",
        "type": "treatments",
        "id": 68
    },
    {
        "stars": 4,
        "imageUrl": "https://www.sephora.com/productimages/sku/s2031458-main-zoom.jpg?imwidth=270&imwidth=164",
        "brand": "The Ordinary",
        "name": "Azelaic Acid 10% Suspension Brightening Cream",
        "numReviews": 792,
        "price": 8,
        "category": "skincare",
        "type": "treatments",
        "id": 69
    },
    {
        "stars": 4.5,
        "imageUrl": "https://www.sephora.com/productimages/sku/s2493534-main-zoom.jpg?imwidth=270&pb=2020-03-sephora-clean-2019&imwidth=164",
        "brand": "Glow Recipe",
        "name": "Plum Plump™ Hyaluronic Acid Serum",
        "numReviews": 1700,
        "price": 42,
        "category": "skincare",
        "type": "treatments",
        "id": 70
    },
    {
        "stars": 4,
        "imageUrl": "https://www.sephora.com/productimages/sku/s2283018-main-zoom.jpg?imwidth=270&pb=2020-03-sephora-clean-2019&imwidth=164",
        "brand": "SEPHORA COLLECTION",
        "name": "Clean Eye Mask",
        "numReviews": 208,
        "price": 4,
        "category": "skincare",
        "type": "masks",
        "id": 71
    },
    {
        "stars": 4.5,
        "imageUrl": "https://www.sephora.com/productimages/sku/s2180941-main-zoom.jpg?imwidth=270&pb=2020-03-allure-clean-2019&imwidth=164",
        "brand": "Youth To The People",
        "name": "Superberry Hydrate + Glow Dream Mask with Vitamin C",
        "numReviews": 2100,
        "price": 15,
        "category": "skincare",
        "type": "masks",
        "id": 72
    },
    {
        "stars": 4.5,
        "imageUrl": "https://www.sephora.com/productimages/sku/s2535243-main-zoom.jpg?imwidth=270&imwidth=164",
        "brand": "LANEIGE",
        "name": "Water Sleeping Mask with Squalane",
        "numReviews": 161,
        "price": 29,
        "category": "skincare",
        "type": "masks",
        "id": 73
    },
    {
        "stars": 4.5,
        "imageUrl": "https://www.sephora.com/productimages/sku/s1698018-main-zoom.jpg?imwidth=270&pb=clean-planet-positive-badge-2021&imwidth=164",
        "brand": "Caudalie",
        "name": "Instant Detox Mask",
        "numReviews": 752,
        "price": 39,
        "category": "skincare",
        "type": "masks",
        "id": 74
    },
    {
        "stars": 4.5,
        "imageUrl": "https://www.sephora.com/productimages/sku/s2282978-main-zoom.jpg?imwidth=270&pb=2020-03-sephora-clean-2019&imwidth=164",
        "brand": "SEPHORA COLLECTION",
        "name": "Clean Foot Mask",
        "numReviews": 119,
        "price": 5,
        "category": "skincare",
        "type": "masks",
        "id": 75
    },
    {
        "stars": 3.5,
        "imageUrl": "https://www.sephora.com/productimages/sku/s2282911-main-zoom.jpg?imwidth=270&pb=2020-03-sephora-clean-2019&imwidth=164",
        "brand": "SEPHORA COLLECTION",
        "name": "Clean Hemp Mask",
        "numReviews": 17,
        "price": 4,
        "category": "skincare",
        "type": "masks",
        "id": 76
    },
    {
        "stars": 3.5,
        "imageUrl": "https://www.sephora.com/productimages/sku/s2228070-main-zoom.jpg?imwidth=270&pb=2020-03-sephora-value-2020&imwidth=164",
        "brand": "SEPHORA COLLECTION",
        "name": "1 Minute Face Masks",
        "numReviews": 82,
        "price": 6,
        "category": "skincare",
        "type": "masks",
        "id": 77
    },
    {
        "stars": 4,
        "imageUrl": "https://www.sephora.com/productimages/sku/s2473361-main-zoom.jpg?imwidth=270&pb=2020-03-sephora-clean-2019&imwidth=164",
        "brand": "Summer Fridays",
        "name": "Jet Lag Mask",
        "numReviews": 4200,
        "price": 26,
        "category": "skincare",
        "type": "masks",
        "id": 78
    },
    {
        "stars": 4.5,
        "imageUrl": "https://www.sephora.com/productimages/sku/s2267581-main-zoom.jpg?imwidth=270&imwidth=164",
        "brand": "The Ordinary",
        "name": "Salicylic Acid 2% Masque",
        "numReviews": 510,
        "price": 12,
        "category": "skincare",
        "type": "masks",
        "id": 79
    },
    {
        "stars": 4.5,
        "imageUrl": "https://www.sephora.com/productimages/sku/s2443240-main-zoom.jpg?imwidth=270&imwidth=164",
        "brand": "innisfree",
        "name": "Pore Clearing Clay Mask",
        "numReviews": 990,
        "price": 15,
        "category": "skincare",
        "type": "masks",
        "id": 80
    },
    {
        "stars": 4.5,
        "imageUrl": "https://www.sephora.com/productimages/sku/s2315935-main-zoom.jpg?imwidth=270&pb=2020-03-sephora-clean-2019&imwidth=164",
        "brand": "Supergoop!",
        "name": "Unseen Sunscreen SPF 40 PA+++",
        "numReviews": 2600,
        "price": 20,
        "category": "skincare",
        "type": "sunscreen",
        "id": 81
    },
    {
        "stars": 4,
        "imageUrl": "https://www.sephora.com/productimages/sku/s2315158-main-zoom.jpg?imwidth=270&pb=2020-03-sephora-clean-2019&imwidth=164",
        "brand": "Supergoop!",
        "name": "Glowscreen Sunscreen SPF 40 PA+++",
        "numReviews": 1000,
        "price": 36,
        "category": "skincare",
        "type": "sunscreen",
        "id": 82
    },
    {
        "stars": 4.5,
        "imageUrl": "https://www.sephora.com/productimages/sku/s2338325-main-zoom.jpg?imwidth=270&imwidth=164",
        "brand": "innisfree",
        "name": "Daily UV Defense Sunscreen SPF 36",
        "numReviews": 886,
        "price": 15,
        "category": "skincare",
        "type": "sunscreen",
        "id": 83
    },
    {
        "stars": 4,
        "imageUrl": "https://www.sephora.com/productimages/sku/s1855709-main-zoom.jpg?imwidth=270&imwidth=164",
        "brand": "Dr. Jart+",
        "name": "Cicapair™ Tiger Grass Color Correcting Treatment SPF 30",
        "numReviews": 4500,
        "price": 20,
        "category": "skincare",
        "type": "sunscreen",
        "id": 84
    },
    {
        "stars": 4.5,
        "imageUrl": "https://www.sephora.com/productimages/sku/s2535359-main-zoom.jpg?imwidth=270&pb=2020-03-sephora-clean-2019&imwidth=164",
        "brand": "Supergoop!",
        "name": "Daily Dose Hydra-Ceramide Boost + SPF 40 Sunscreen Oil PA+++",
        "numReviews": 69,
        "price": 46,
        "category": "skincare",
        "type": "sunscreen",
        "id": 85
    },
    {
        "stars": 4,
        "imageUrl": "https://www.sephora.com/productimages/sku/s2418879-main-zoom.jpg?imwidth=270&pb=2020-03-sephora-clean-2019&imwidth=164",
        "brand": "Fenty Skin",
        "name": "Hydra Vizor Invisible Moisturizer Broad Spectrum SPF 30 Sunscreen with Niacinamide",
        "numReviews": 553,
        "price": 22,
        "category": "skincare",
        "type": "sunscreen",
        "id": 86
    },
    {
        "stars": 4,
        "imageUrl": "https://www.sephora.com/productimages/sku/s2233823-main-zoom.jpg?imwidth=270&pb=clean-planet-positive-badge-2021&imwidth=164",
        "brand": "SEPHORA COLLECTION",
        "name": "Gradual Self-Tanning Face Gel",
        "numReviews": 57,
        "price": 10,
        "category": "skincare",
        "type": "sunscreen",
        "id": 87
    },
    {
        "stars": 4.5,
        "imageUrl": "https://www.sephora.com/productimages/sku/s2421170-main-zoom.jpg?imwidth=270&imwidth=164",
        "brand": "Paula's Choice",
        "name": "RESIST Youth-Extending Daily Hydrating Fluid SPF 50",
        "numReviews": 278,
        "price": 35,
        "category": "skincare",
        "type": "sunscreen",
        "id": 88
    },
    {
        "stars": 4,
        "imageUrl": "https://www.sephora.com/productimages/sku/s2329191-main-zoom.jpg?imwidth=270&pb=2020-03-sephora-clean-2019&imwidth=164",
        "brand": "Supergoop!",
        "name": "Mini PLAY Everyday Sunscreen Lotion SPF 50 PA++++",
        "numReviews": 921,
        "price": 22,
        "category": "skincare",
        "type": "sunscreen",
        "id": 89
    },
    {
        "stars": 3.5,
        "imageUrl": "https://www.sephora.com/productimages/sku/s2458446-main-zoom.jpg?imwidth=270&pb=2020-03-sephora-clean-2019&imwidth=164",
        "brand": "Supergoop!",
        "name": "Mineral Mattescreen Sunscreen SPF 40 PA+++",
        "numReviews": 42,
        "price": 38,
        "category": "skincare",
        "type": "sunscreen",
        "id": 90
    },
    {
        "stars": 4,
        "imageUrl": "https://www.sephora.com/productimages/sku/s2118867-main-zoom.jpg?imwidth=270&pb=2020-03-sephora-clean-2019&imwidth=164",
        "brand": "Olaplex",
        "name": "No. 4 Bond Maintenance™ Shampoo",
        "numReviews": 1600,
        "price": 14,
        "category": "hair",
        "type": "shampoo",
        "id": 91
    },
    {
        "stars": 4,
        "imageUrl": "https://www.sephora.com/productimages/sku/s2118875-main-zoom.jpg?imwidth=270&pb=2020-03-sephora-clean-2019&imwidth=164",
        "brand": "Olaplex",
        "name": "No. 5 Bond Maintenance™ Conditioner",
        "numReviews": 1100,
        "price": 14,
        "category": "hair",
        "type": "shampoo",
        "id": 92
    },
    {
        "stars": 4,
        "imageUrl": "https://www.sephora.com/productimages/sku/s2501815-main-zoom.jpg?imwidth=270&pb=2020-03-sephora-clean-2019&imwidth=164",
        "brand": "Olaplex",
        "name": "No.4P Blonde Enhancer™ Toning Shampoo",
        "numReviews": 271,
        "price": 28,
        "category": "hair",
        "type": "shampoo",
        "id": 93
    },
    {
        "stars": 4.5,
        "imageUrl": "https://www.sephora.com/productimages/sku/s2319820-main-zoom.jpg?imwidth=270&imwidth=164",
        "brand": "OUAI",
        "name": "Detox Shampoo",
        "numReviews": 1100,
        "price": 12,
        "category": "hair",
        "type": "shampoo",
        "id": 94
    },
    {
        "stars": 4.5,
        "imageUrl": "https://www.sephora.com/productimages/sku/s2030336-main-zoom.jpg?imwidth=270&imwidth=164",
        "brand": "Moroccanoil",
        "name": "Hydrating Shampoo",
        "numReviews": 1600,
        "price": 11,
        "category": "hair",
        "type": "shampoo",
        "id": 95
    },
    {
        "stars": 4,
        "imageUrl": "https://www.sephora.com/productimages/sku/s2212108-main-zoom.jpg?imwidth=270&pb=2020-03-sephora-clean-2019&imwidth=164",
        "brand": "Olaplex",
        "name": "Mini No. 5 Bond Maintenance™ Conditioner",
        "numReviews": 174,
        "price": 14,
        "category": "hair",
        "type": "shampoo",
        "id": 96
    },
    {
        "stars": 4,
        "imageUrl": "https://www.sephora.com/productimages/sku/s2212116-main-zoom.jpg?imwidth=270&pb=2020-03-sephora-clean-2019&imwidth=164",
        "brand": "Olaplex",
        "name": "Mini No. 4 Bond Maintenance™ Shampoo",
        "numReviews": 210,
        "price": 14,
        "category": "hair",
        "type": "shampoo",
        "id": 97
    },
    {
        "stars": 4.5,
        "imageUrl": "https://www.sephora.com/productimages/sku/s2030344-main-zoom.jpg?imwidth=270&imwidth=164",
        "brand": "Moroccanoil",
        "name": "Hydrating Conditioner",
        "numReviews": 1500,
        "price": 11,
        "category": "hair",
        "type": "shampoo",
        "id": 98
    },
    {
        "stars": 4,
        "imageUrl": "https://www.sephora.com/productimages/sku/s1895580-main-zoom.jpg?imwidth=270&pb=clean-planet-positive-badge-2021&imwidth=164",
        "brand": "Briogeo",
        "name": "Scalp Revival Charcoal + Coconut Oil Micro-exfoliating Scalp Scrub Shampoo",
        "numReviews": 2700,
        "price": 14,
        "category": "hair",
        "type": "shampoo",
        "id": 99
    },
    {
        "stars": 4.5,
        "imageUrl": "https://www.sephora.com/productimages/sku/s2390755-main-zoom.jpg?imwidth=270&imwidth=164",
        "brand": "Pureology",
        "name": "Hydrate Shampoo",
        "numReviews": 2000,
        "price": 8,
        "category": "hair",
        "type": "shampoo",
        "id": 100
    },
    {
        "stars": 4.5,
        "imageUrl": "https://www.sephora.com/productimages/sku/s2033264-main-zoom.jpg?imwidth=270&pb=2020-03-sephora-clean-2019&imwidth=164",
        "brand": "Olaplex",
        "name": "No. 3 Hair Perfector",
        "numReviews": 3600,
        "price": 28,
        "category": "hair",
        "type": "treatments",
        "id": 101
    },
    {
        "stars": 4,
        "imageUrl": "https://www.sephora.com/productimages/sku/s2266765-main-zoom.jpg?imwidth=270&pb=2020-03-sephora-clean-2019&imwidth=164",
        "brand": "Olaplex",
        "name": "No. 7 Bonding Oil",
        "numReviews": 1100,
        "price": 28,
        "category": "hair",
        "type": "treatments",
        "id": 102
    },
    {
        "stars": 4.5,
        "imageUrl": "https://www.sephora.com/productimages/sku/s2200095-main-zoom.jpg?imwidth=270&pb=2020-03-sephora-clean-2019&imwidth=164",
        "brand": "Olaplex",
        "name": "No. 6 Bond Smoother Reparative Styling Creme",
        "numReviews": 1000,
        "price": 28,
        "category": "hair",
        "type": "treatments",
        "id": 103
    },
    {
        "stars": 4.5,
        "imageUrl": "https://www.sephora.com/productimages/sku/s2441095-main-zoom.jpg?imwidth=270&pb=2020-03-sephora-clean-2019&imwidth=164",
        "brand": "Olaplex",
        "name": "No. 8 Bond Intense Moisture Mask",
        "numReviews": 1100,
        "price": 28,
        "category": "hair",
        "type": "treatments",
        "id": 104
    },
    {
        "stars": 3.5,
        "imageUrl": "https://www.sephora.com/productimages/sku/s2483881-main-zoom.jpg?imwidth=270&pb=2020-03-sephora-clean-2019&imwidth=164",
        "brand": "Olaplex",
        "name": "No. 0 Intensive Bond Building Hair Treatment",
        "numReviews": 715,
        "price": 28,
        "category": "hair",
        "type": "treatments",
        "id": 105
    },
    {
        "stars": 5,
        "imageUrl": "https://www.sephora.com/productimages/sku/s2538908-main-zoom.jpg?imwidth=270&pb=clean-planet-positive-badge-2021&imwidth=164",
        "brand": "Briogeo",
        "name": "Don't Despair Repair Rice Water Protein + Moisture Strengthening Treatment",
        "numReviews": 200,
        "price": 42,
        "category": "hair",
        "type": "treatments",
        "id": 106
    },
    {
        "stars": 4.5,
        "imageUrl": "https://www.sephora.com/productimages/sku/s2547248-main-zoom.jpg?imwidth=270&pb=2020-03-sephora-clean-2019&imwidth=164",
        "brand": "K18 Biomimetic Hairscience",
        "name": "Leave-in Molecular Repair Hair Mask",
        "numReviews": 923,
        "price": 29,
        "category": "hair",
        "type": "treatments",
        "id": 107
    },
    {
        "stars": 4.5,
        "imageUrl": "https://www.sephora.com/productimages/sku/s2030286-main-zoom.jpg?imwidth=270&imwidth=164",
        "brand": "Moroccanoil",
        "name": "Moroccanoil Treatment",
        "numReviews": 1600,
        "price": 15,
        "category": "hair",
        "type": "treatments",
        "id": 108
    },
    {
        "stars": 4.5,
        "imageUrl": "https://www.sephora.com/productimages/sku/s2319820-main-zoom.jpg?imwidth=270&imwidth=164",
        "brand": "OUAI",
        "name": "Detox Shampoo",
        "numReviews": 1000,
        "price": 12,
        "category": "hair",
        "type": "treatments",
        "id": 109
    },
    {
        "stars": 4,
        "imageUrl": "https://www.sephora.com/productimages/sku/s2210722-main-zoom.jpg?imwidth=270&imwidth=164",
        "brand": "The Ordinary",
        "name": "Multi-Peptide Serum for Hair Density",
        "numReviews": 894,
        "price": 18,
        "category": "hair",
        "type": "treatments",
        "id": 110
    },
    {
        "stars": 4.5,
        "imageUrl": "https://www.sephora.com/productimages/sku/s2200095-main-zoom.jpg?imwidth=270&pb=2020-03-sephora-clean-2019&imwidth=164",
        "brand": "Olaplex",
        "name": "No. 6 Bond Smoother Reparative Styling Creme",
        "numReviews": 1000,
        "price": 28,
        "category": "hair",
        "type": "styling",
        "id": 111
    },
    {
        "stars": 4.5,
        "imageUrl": "https://www.sephora.com/productimages/sku/s1999630-main-zoom.jpg?imwidth=270&imwidth=164",
        "brand": "Moroccanoil",
        "name": "Hydrating Styling Cream",
        "numReviews": 1400,
        "price": 14,
        "category": "hair",
        "type": "styling",
        "id": 112
    },
    {
        "stars": 4.5,
        "imageUrl": "https://www.sephora.com/productimages/sku/s2431542-main-zoom.jpg?imwidth=270&imwidth=164",
        "brand": "Bumble and bumble",
        "name": "Bb. Heat Shield Thermal Protection Mist",
        "numReviews": 243,
        "price": 16,
        "category": "hair",
        "type": "styling",
        "id": 113
    },
    {
        "stars": 3.5,
        "imageUrl": "https://www.sephora.com/productimages/sku/s1802107-main-zoom.jpg?imwidth=270&imwidth=164",
        "brand": "OUAI",
        "name": "Wave Spray",
        "numReviews": 1900,
        "price": 12,
        "category": "hair",
        "type": "styling",
        "id": 114
    },
    {
        "stars": 4.5,
        "imageUrl": "https://www.sephora.com/productimages/sku/s2496982-main-zoom.jpg?imwidth=270&pb=clean-planet-positive-badge-2021&imwidth=164",
        "brand": "JVN",
        "name": "Complete Hydrating Air Dry Hair Cream",
        "numReviews": 95,
        "price": 24,
        "category": "hair",
        "type": "styling",
        "id": 115
    },
    {
        "stars": 4,
        "imageUrl": "https://www.sephora.com/productimages/sku/s2030781-main-zoom.jpg?imwidth=270&imwidth=164",
        "brand": "OUAI",
        "name": "Volume Spray",
        "numReviews": 780,
        "price": 26,
        "category": "hair",
        "type": "styling",
        "id": 116
    },
    {
        "stars": 4.5,
        "imageUrl": "https://www.sephora.com/productimages/sku/s2126894-main-zoom.jpg?imwidth=270&imwidth=164",
        "brand": "Kérastase",
        "name": "Nutritive Heat Protecting Leave-In Treatment For Dry Hair",
        "numReviews": 214,
        "price": 18,
        "category": "hair",
        "type": "styling",
        "id": 117
    },
    {
        "stars": 4.5,
        "imageUrl": "https://www.sephora.com/productimages/sku/s2034932-main-zoom.jpg?imwidth=270&imwidth=164",
        "brand": "amika",
        "name": "Blockade Heat Protectant Serum",
        "numReviews": 66,
        "price": 26,
        "category": "hair",
        "type": "styling",
        "id": 118
    },
    {
        "stars": 4,
        "imageUrl": "https://www.sephora.com/productimages/sku/s2437267-main-zoom.jpg?imwidth=270&imwidth=164",
        "brand": "COLOR WOW",
        "name": "Dream Coat Supernatural Spray Anti-Frizz Treatment",
        "numReviews": 529,
        "price": 12,
        "category": "hair",
        "type": "styling",
        "id": 119
    },
    {
        "stars": 4.5,
        "imageUrl": "https://www.sephora.com/productimages/sku/s2252807-main-zoom.jpg?imwidth=270&imwidth=164",
        "brand": "Living Proof",
        "name": "Perfect Hair Day Heat Styling Spray",
        "numReviews": 367,
        "price": 28,
        "category": "hair",
        "type": "styling",
        "id": 120
    },
    {
        "stars": 4.5,
        "imageUrl": "https://www.sephora.com/productimages/sku/s513168-main-zoom.jpg?imwidth=270&imwidth=164",
        "brand": "CHANEL",
        "name": "COCO MADEMOISELLE Eau de Parfum",
        "numReviews": 804,
        "price": 90,
        "category": "fragrance",
        "type": "women",
        "id": 121
    },
    {
        "stars": 4.5,
        "imageUrl": "https://www.sephora.com/productimages/sku/s1688852-main-zoom.jpg?imwidth=270&imwidth=164",
        "brand": "Yves Saint Laurent",
        "name": "Black Opium Eau de Parfum",
        "numReviews": 6800,
        "price": 29,
        "category": "fragrance",
        "type": "women",
        "id": 122
    },
    {
        "stars": 4.5,
        "imageUrl": "https://www.sephora.com/productimages/sku/s2249738-main-zoom.jpg?imwidth=270&imwidth=164",
        "brand": "Yves Saint Laurent",
        "name": "Libre Eau De Parfum",
        "numReviews": 3300,
        "price": 30,
        "category": "fragrance",
        "type": "women",
        "id": 123
    },
    {
        "stars": 4.5,
        "imageUrl": "https://www.sephora.com/productimages/sku/s1930759-main-zoom.jpg?imwidth=270&imwidth=164",
        "brand": "Sol de Janeiro",
        "name": "Brazilian Crush Cheirosa ’62 Bum Bum Hair & Body Fragrance Mist",
        "numReviews": 1300,
        "price": 20,
        "category": "fragrance",
        "type": "women",
        "id": 124
    },
    {
        "stars": 4.5,
        "imageUrl": "https://www.sephora.com/productimages/sku/s2170686-main-zoom.jpg?imwidth=270&imwidth=164",
        "brand": "CHANEL",
        "name": "Chance Eau Tendre Eau de Parfum",
        "numReviews": 195,
        "price": 90,
        "category": "fragrance",
        "type": "women",
        "id": 125
    },
    {
        "stars": 4.5,
        "imageUrl": "https://www.sephora.com/productimages/sku/s1377159-main-zoom.jpg?imwidth=270&imwidth=164",
        "brand": "Viktor&Rolf",
        "name": "Flowerbomb",
        "numReviews": 4900,
        "price": 30,
        "category": "fragrance",
        "type": "women",
        "id": 126
    },
    {
        "stars": 4.5,
        "imageUrl": "https://www.sephora.com/productimages/sku/s1960707-main-zoom.jpg?imwidth=270&imwidth=164",
        "brand": "Carolina Herrera",
        "name": "Good Girl Eau de Parfum",
        "numReviews": 508,
        "price": 29,
        "category": "fragrance",
        "type": "women",
        "id": 127
    },
    {
        "stars": 4.5,
        "imageUrl": "https://www.sephora.com/productimages/sku/s2480564-main-zoom.jpg?imwidth=270&imwidth=164",
        "brand": "Viktor&Rolf",
        "name": "Flowerbomb Ruby Orchid Eau de Parfum",
        "numReviews": 339,
        "price": 33,
        "category": "fragrance",
        "type": "women",
        "id": 128
    },
    {
        "stars": 4.5,
        "imageUrl": "https://www.sephora.com/productimages/sku/s1788058-main-zoom.jpg?imwidth=270&imwidth=164",
        "brand": "Maison Margiela",
        "name": "’REPLICA’ By the Fireplace",
        "numReviews": 1500,
        "price": 30,
        "category": "fragrance",
        "type": "women",
        "id": 129
    },
    {
        "stars": 4.5,
        "imageUrl": "https://www.sephora.com/productimages/sku/s2543767-main-zoom.jpg?imwidth=270&imwidth=164",
        "brand": "Maison Margiela",
        "name": "REPLICA' Memory Box Perfume Set",
        "numReviews": 13,
        "price": 35,
        "category": "fragrance",
        "type": "women",
        "id": 130
    },
    {
        "stars": 5,
        "imageUrl": "https://www.sephora.com/productimages/sku/s1284710-main-zoom.jpg?imwidth=270&imwidth=164",
        "brand": "CHANEL",
        "name": "BLEU DE CHANEL Eau de Toilette",
        "numReviews": 107,
        "price": 90,
        "category": "fragrance",
        "type": "men",
        "id": 131
    },
    {
        "stars": 5,
        "imageUrl": "https://www.sephora.com/productimages/sku/s1695972-main-zoom.jpg?imwidth=270&imwidth=164",
        "brand": "CHANEL",
        "name": "BLEU DE CHANEL Eau de Parfum",
        "numReviews": 186,
        "price": 102,
        "category": "fragrance",
        "type": "men",
        "id": 132
    },
    {
        "stars": 4.5,
        "imageUrl": "https://www.sephora.com/productimages/sku/s1788058-main-zoom.jpg?imwidth=270&imwidth=164",
        "brand": "Maison Margiela",
        "name": "’REPLICA’ By the Fireplace",
        "numReviews": 1500,
        "price": 30,
        "category": "fragrance",
        "type": "men",
        "id": 133
    },
    {
        "stars": 4.5,
        "imageUrl": "https://www.sephora.com/productimages/sku/s1739317-main-zoom.jpg?imwidth=270&imwidth=164",
        "brand": "Dior",
        "name": "Sauvage Eau de Toilette",
        "numReviews": 834,
        "price": 59,
        "category": "fragrance",
        "type": "men",
        "id": 134
    },
    {
        "stars": 4.5,
        "imageUrl": "https://www.sephora.com/productimages/sku/s1513225-main-zoom.jpg?imwidth=270&imwidth=164",
        "brand": "Versace",
        "name": "Eros",
        "numReviews": 378,
        "price": 30,
        "category": "fragrance",
        "type": "men",
        "id": 135
    },
    {
        "stars": 4.5,
        "imageUrl": "https://www.sephora.com/productimages/sku/s2038123-main-zoom.jpg?imwidth=270&imwidth=164",
        "brand": "Dior",
        "name": "Sauvage Eau de Parfum",
        "numReviews": 651,
        "price": 100,
        "category": "fragrance",
        "type": "men",
        "id": 136
    },
    {
        "stars": 4.5,
        "imageUrl": "https://www.sephora.com/productimages/sku/s2047801-main-zoom.jpg?imwidth=270&pb=clean-planet-positive-badge-2021&imwidth=164",
        "brand": "The 7 Virtues",
        "name": "Vanilla Woods Eau de Parfum",
        "numReviews": 867,
        "price": 30,
        "category": "fragrance",
        "type": "men",
        "id": 137
    },
    {
        "stars": 4.5,
        "imageUrl": "https://www.sephora.com/productimages/sku/s1602259-main-zoom.jpg?imwidth=270&imwidth=164",
        "brand": "Maison Margiela",
        "name": "’REPLICA’ Jazz Club",
        "numReviews": 845,
        "price": 30,
        "category": "fragrance",
        "type": "men",
        "id": 138
    },
    {
        "stars": 4.5,
        "imageUrl": "https://www.sephora.com/productimages/sku/s1449289-main-zoom.jpg?imwidth=270&imwidth=164",
        "brand": "TOM FORD",
        "name": "Tobacco Vanille",
        "numReviews": 814,
        "price": 65,
        "category": "fragrance",
        "type": "men",
        "id": 139
    },
    {
        "stars": 4,
        "imageUrl": "https://www.sephora.com/productimages/sku/s2471514-main-zoom.jpg?imwidth=270&imwidth=164",
        "brand": "Maison Margiela",
        "name": "'REPLICA' When the Rain Stops",
        "numReviews": 192,
        "price": 32,
        "category": "fragrance",
        "type": "men",
        "id": 140
    },
    {
        "stars": 2.5,
        "imageUrl": "https://www.sephora.com/productimages/sku/s2398303-main-zoom.jpg?imwidth=270&pb=2020-03-sephora-value-2020&imwidth=164",
        "brand": "SEPHORA COLLECTION",
        "name": "Depart Scented Candle",
        "numReviews": 5,
        "price": 18,
        "category": "fragrance",
        "type": "candles",
        "id": 141
    },
    {
        "stars": 4,
        "imageUrl": "https://www.sephora.com/productimages/sku/s2307155-main-zoom.jpg?imwidth=270&pb=2020-03-sephora-value-2020&imwidth=164",
        "brand": "SEPHORA COLLECTION",
        "name": "Unwind Scented Candle",
        "numReviews": 17,
        "price": 18,
        "category": "fragrance",
        "type": "candles",
        "id": 142
    },
    {
        "stars": 4.5,
        "imageUrl": "https://www.sephora.com/productimages/sku/s2339331-main-zoom.jpg?imwidth=270&pb=2020-03-sephora-value-2020&imwidth=164",
        "brand": "SEPHORA COLLECTION",
        "name": "Frosted Kisses Candle",
        "numReviews": 13,
        "price": 18,
        "category": "fragrance",
        "type": "candles",
        "id": 143
    },
    {
        "stars": 4,
        "imageUrl": "https://www.sephora.com/productimages/sku/s2307148-main-zoom.jpg?imwidth=270&pb=2020-03-sephora-value-2020&imwidth=164",
        "brand": "SEPHORA COLLECTION",
        "name": "Refresh Scented Candle",
        "numReviews": 7,
        "price": 18,
        "category": "fragrance",
        "type": "candles",
        "id": 144
    },
    {
        "stars": 3.5,
        "imageUrl": "https://www.sephora.com/productimages/sku/s2306157-main-zoom.jpg?imwidth=270&pb=2020-03-sephora-value-2020&imwidth=164",
        "brand": "SEPHORA COLLECTION",
        "name": "Bloom Scented Candle",
        "numReviews": 8,
        "price": 18,
        "category": "fragrance",
        "type": "candles",
        "id": 145
    },
    {
        "stars": 3.5,
        "imageUrl": "https://www.sephora.com/productimages/sku/s2307130-main-zoom.jpg?imwidth=270&pb=2020-03-sephora-value-2020&imwidth=164",
        "brand": "SEPHORA COLLECTION",
        "name": "Pop Fizz Scented Candle",
        "numReviews": 13,
        "price": 18,
        "category": "fragrance",
        "type": "candles",
        "id": 146
    },
    {
        "stars": 3.5,
        "imageUrl": "https://www.sephora.com/productimages/sku/s2524197-main-zoom.jpg?imwidth=270&imwidth=164",
        "brand": "Summer Fridays",
        "name": "Soft Vanilla Candle",
        "numReviews": 8,
        "price": 27,
        "category": "fragrance",
        "type": "candles",
        "id": 147
    },
    {
        "stars": 5,
        "imageUrl": "https://www.sephora.com/productimages/sku/s2540870-main-zoom.jpg?imwidth=270&imwidth=164",
        "brand": "VOLUSPA",
        "name": "Mini Spring Candle Set",
        "numReviews": 1,
        "price": 48,
        "category": "fragrance",
        "type": "candles",
        "id": 148
    },
    {
        "stars": 4,
        "imageUrl": "https://www.sephora.com/productimages/sku/s2370716-main-zoom.jpg?imwidth=270&imwidth=164",
        "brand": "NEST New York",
        "name": "Holiday & Birchwood Pine PURA Diffuser Set",
        "numReviews": 16,
        "price": 85,
        "category": "fragrance",
        "type": "candles",
        "id": 149
    },
    {
        "stars": 3,
        "imageUrl": "https://www.sephora.com/productimages/sku/s2015691-main-zoom.jpg?imwidth=270&pb=2020-03-sephora-value-2020&imwidth=164",
        "brand": "SEPHORA COLLECTION",
        "name": "Tame: Infrared Flat Iron",
        "numReviews": 125,
        "price": 85,
        "category": "tools",
        "type": "hair",
        "id": 150
    },
    {
        "stars": 3.5,
        "imageUrl": "https://www.sephora.com/productimages/sku/s1638238-main-zoom.jpg?imwidth=270&imwidth=164",
        "brand": "Drybar",
        "name": "High Tops Self-Grip Rollers",
        "numReviews": 165,
        "price": 12,
        "category": "tools",
        "type": "hair",
        "id": 151
    },
    {
        "stars": 4.5,
        "imageUrl": "https://www.sephora.com/productimages/sku/s2505436-main-zoom.jpg?imwidth=270&imwidth=164",
        "brand": "T3",
        "name": "AireBrush Duo Interchangeable Hot Air Blow Dry Brush",
        "numReviews": 154,
        "price": 180,
        "category": "tools",
        "type": "hair",
        "id": 152
    },
    {
        "stars": 5,
        "imageUrl": "https://www.sephora.com/productimages/sku/s2494474-main-zoom.jpg?imwidth=270&imwidth=164",
        "brand": "PATTERN by Tracee Ellis Ross",
        "name": "Mist Spray Bottle",
        "numReviews": 15,
        "price": 13,
        "category": "tools",
        "type": "hair",
        "id": 153
    },
    {
        "stars": 3.5,
        "imageUrl": "https://www.sephora.com/productimages/sku/s2344299-main-zoom.jpg?imwidth=270&imwidth=164",
        "brand": "Dyson",
        "name": "Corrale™ Hair Straightener",
        "numReviews": 182,
        "price": 499,
        "category": "tools",
        "type": "hair",
        "id": 154
    },
    {
        "stars": 4,
        "imageUrl": "https://www.sephora.com/productimages/sku/s2497378-main-zoom.jpg?imwidth=270&imwidth=164",
        "brand": "Slip",
        "name": "Slip Skinny Scrunchies Twilight Bauble",
        "numReviews": 7,
        "price": 22,
        "category": "tools",
        "type": "hair",
        "id": 155
    },
    {
        "stars": 5,
        "imageUrl": "https://www.sephora.com/productimages/sku/s2445351-main-zoom.jpg?imwidth=270&pb=allure-best-2021-badge&imwidth=164",
        "brand": "ghd",
        "name": "Max Styler - 2 Wide Plate Flat Iron",
        "numReviews": 175,
        "price": 249,
        "category": "tools",
        "type": "hair",
        "id": 156
    },
    {
        "stars": 4.5,
        "imageUrl": "https://www.sephora.com/productimages/sku/s2463255-main-zoom.jpg?imwidth=270&imwidth=164",
        "brand": "Kitsch",
        "name": "8 Pack Spiral Hair Ties",
        "numReviews": 16,
        "price": 9,
        "category": "tools",
        "type": "hair",
        "id": 157
    },
    {
        "stars": 4.5,
        "imageUrl": "https://www.sephora.com/productimages/sku/s1506377-main-zoom.jpg?imwidth=270&imwidth=164",
        "brand": "Drybar",
        "name": "Hold Me Hair Clips",
        "numReviews": 317,
        "price": 19,
        "category": "tools",
        "type": "hair",
        "id": 158
    },
    {
        "stars": 4.5,
        "imageUrl": "https://www.sephora.com/productimages/sku/s2314680-main-zoom.jpg?imwidth=270&imwidth=164",
        "brand": "Drybar",
        "name": "The Double Shot Blow-Dryer Brush",
        "numReviews": 489,
        "price": 15,
        "category": "tools",
        "type": "hair",
        "id": 159
    },
    {
        "stars": 4.5,
        "imageUrl": "https://www.sephora.com/productimages/sku/s1201474-main-zoom.jpg?imwidth=270&pb=2020-03-allure-best-2018&imwidth=164",
        "brand": "Shiseido",
        "name": "Eyelash Curler",
        "numReviews": 2000,
        "price": 6,
        "category": "tools",
        "type": "beauty",
        "id": 160
    },
    {
        "stars": 3.5,
        "imageUrl": "https://www.sephora.com/productimages/sku/s2373470-main-zoom.jpg?imwidth=270&pb=2020-03-sephora-value-2020&imwidth=164",
        "brand": "SEPHORA COLLECTION",
        "name": "4 Piece Facial Razor Set",
        "numReviews": 45,
        "price": 10,
        "category": "tools",
        "type": "beauty",
        "id": 161
    },
    {
        "stars": 4.5,
        "imageUrl": "https://www.sephora.com/productimages/sku/s1908284-main-zoom.jpg?imwidth=270&imwidth=164",
        "brand": "Anastasia Beverly Hills",
        "name": "Brush 7B Precision Brow Brush for Powders",
        "numReviews": 1100,
        "price": 18,
        "category": "tools",
        "type": "beauty",
        "id": 162
    },
    {
        "stars": 4.5,
        "imageUrl": "https://www.sephora.com/productimages/sku/s2239929-main-zoom.jpg?imwidth=270&pb=2020-03-sephora-value-2020&imwidth=164",
        "brand": "SEPHORA COLLECTION",
        "name": "Metal Facial Razor",
        "numReviews": 155,
        "price": 16,
        "category": "tools",
        "type": "beauty",
        "id": 163
    },
    {
        "stars": 4,
        "imageUrl": "https://www.sephora.com/productimages/sku/s2414845-main-zoom.jpg?imwidth=270&pb=2020-03-sephora-value-2020&imwidth=164",
        "brand": "SEPHORA COLLECTION",
        "name": "3-in-1 Pencil Sharpener",
        "numReviews": 9,
        "price": 6,
        "category": "tools",
        "type": "beauty",
        "id": 164
    },
    {
        "stars": 4.5,
        "imageUrl": "https://www.sephora.com/productimages/sku/s2414670-main-zoom.jpg?imwidth=270&pb=2020-03-sephora-value-2020&imwidth=164",
        "brand": "SEPHORA COLLECTION",
        "name": "Eyebrow Tool Set",
        "numReviews": 3,
        "price": 20,
        "category": "tools",
        "type": "beauty",
        "id": 165
    },
    {
        "stars": 1.5,
        "imageUrl": "https://www.sephora.com/productimages/sku/s2324218-main-zoom.jpg?imwidth=270&imwidth=164",
        "brand": "SEPHORA COLLECTION",
        "name": "Coach x Sephora Collection Tea Rose Nail Set",
        "numReviews": 29,
        "price": 14,
        "category": "tools",
        "type": "beauty",
        "id": 166
    },
    {
        "stars": 2,
        "imageUrl": "https://www.sephora.com/productimages/sku/s2414696-main-zoom.jpg?imwidth=270&pb=2020-03-sephora-value-2020&imwidth=164",
        "brand": "SEPHORA COLLECTION",
        "name": "Manicure Nail Tool Kit",
        "numReviews": 5,
        "price": 24,
        "category": "tools",
        "type": "beauty",
        "id": 167
    },
    {
        "stars": 5,
        "imageUrl": "https://www.sephora.com/productimages/sku/s2025229-main-zoom.jpg?imwidth=270&pb=2020-03-sephora-value-2020&imwidth=164",
        "brand": "SEPHORA COLLECTION",
        "name": "Pack It All Organizer",
        "numReviews": 224,
        "price": 45,
        "category": "tools",
        "type": "travel cases",
        "id": 168
    },
    {
        "stars": 3,
        "imageUrl": "https://www.sephora.com/productimages/sku/s2398246-main-zoom.jpg?imwidth=270&pb=2020-03-sephora-value-2020&imwidth=164",
        "brand": "SEPHORA COLLECTION",
        "name": "Reusable Travel Container Set",
        "numReviews": 12,
        "price": 12,
        "category": "tools",
        "type": "travel cases",
        "id": 169
    },
    {
        "stars": 5,
        "imageUrl": "https://www.sephora.com/productimages/sku/s2299253-main-zoom.jpg?imwidth=270&imwidth=164",
        "brand": "SEPHORA COLLECTION",
        "name": "Beauty on the Fly Reusable Bag",
        "numReviews": 23,
        "price": 5,
        "category": "tools",
        "type": "travel cases",
        "id": 170
    },
    {
        "stars": 4.5,
        "imageUrl": "https://www.sephora.com/productimages/sku/s2156107-main-zoom.jpg?imwidth=270&pb=2020-03-sephora-value-2020&imwidth=164",
        "brand": "SEPHORA COLLECTION",
        "name": "Hanging Organizer",
        "numReviews": 33,
        "price": 35,
        "category": "tools",
        "type": "travel cases",
        "id": 171
    },
    {
        "stars": 4.5,
        "imageUrl": "https://www.sephora.com/productimages/sku/s1628981-main-zoom.jpg?imwidth=270&imwidth=164",
        "brand": "MAKE UP FOR EVER",
        "name": "Professional Bag",
        "numReviews": 48,
        "price": 125,
        "category": "tools",
        "type": "travel cases",
        "id": 172
    },
    {
        "stars": 4.5,
        "imageUrl": "https://www.sephora.com/productimages/sku/s1454719-main-zoom.jpg?imwidth=270&imwidth=164",
        "brand": "MAKE UP FOR EVER",
        "name": "Dany’s Pouch",
        "numReviews": 38,
        "price": 31,
        "category": "tools",
        "type": "travel cases",
        "id": 173
    },
    {
        "stars": 5,
        "imageUrl": "https://www.sephora.com/productimages/sku/s1670876-main-zoom.jpg?imwidth=270&pb=2020-03-sephora-value-2020&imwidth=164",
        "brand": "SEPHORA COLLECTION",
        "name": "Breakups To Makeup Bag",
        "numReviews": 56,
        "price": 24,
        "category": "tools",
        "type": "travel cases",
        "id": 174
    },
    {
        "stars": 4,
        "imageUrl": "https://www.sephora.com/productimages/sku/s2414779-main-zoom.jpg?imwidth=270&pb=2020-03-sephora-value-2020&imwidth=164",
        "brand": "SEPHORA COLLECTION",
        "name": "Tube Key and Bottle Scraper Set",
        "numReviews": 8,
        "price": 8,
        "category": "tools",
        "type": "travel cases",
        "id": 175
    },
    {
        "stars": 4,
        "imageUrl": "https://www.sephora.com/productimages/sku/s2186856-main-zoom.jpg?imwidth=270&pb=2020-03-sephora-value-2020&imwidth=164",
        "brand": "SEPHORA COLLECTION",
        "name": "On the go! Supplement Case",
        "numReviews": 54,
        "price": 12,
        "category": "tools",
        "type": "travel cases",
        "id": 176
    },
    {
        "stars": 4,
        "imageUrl": "https://www.sephora.com/productimages/sku/s2045912-main-zoom.jpg?imwidth=270&pb=2020-03-sephora-value-2020&imwidth=164",
        "brand": "SEPHORA COLLECTION",
        "name": "Sponge Case",
        "numReviews": 118,
        "price": 8,
        "category": "tools",
        "type": "travel cases",
        "id": 177
    },
    {
        "stars": 4.5,
        "imageUrl": "https://www.sephora.com/productimages/sku/s2233245-main-zoom.jpg?imwidth=270&pb=2020-03-sephora-clean-2019&imwidth=164",
        "brand": "First Aid Beauty",
        "name": "KP Bump Eraser Body Scrub with 10% AHA",
        "numReviews": 1200,
        "price": 10,
        "category": "bath",
        "type": "shower",
        "id": 178
    },
    {
        "stars": 4.5,
        "imageUrl": "https://www.sephora.com/productimages/sku/s1876861-main-zoom.jpg?imwidth=270&imwidth=164",
        "brand": "Sol de Janeiro",
        "name": "Brazilian 4 Play Moisturizing Shower Cream-Gel",
        "numReviews": 1000,
        "price": 10,
        "category": "bath",
        "type": "shower",
        "id": 179
    },
    {
        "stars": 4.5,
        "imageUrl": "https://www.sephora.com/productimages/sku/s2530871-main-zoom.jpg?imwidth=270&pb=2020-03-sephora-clean-2019&imwidth=164",
        "brand": "First Aid Beauty",
        "name": "Ingrown Hair Pads with BHA & AHA",
        "numReviews": 15,
        "price": 20,
        "category": "bath",
        "type": "shower",
        "id": 180
    },
    {
        "stars": 4,
        "imageUrl": "https://www.sephora.com/productimages/sku/s2400646-main-zoom.jpg?imwidth=270&imwidth=164",
        "brand": "SEPHORA COLLECTION",
        "name": "Bubble Bath & Shower Gel",
        "numReviews": 45,
        "price": 6,
        "category": "bath",
        "type": "shower",
        "id": 181
    },
    {
        "stars": 4,
        "imageUrl": "https://www.sephora.com/productimages/sku/s2457950-main-zoom.jpg?imwidth=270&pb=clean-planet-positive-badge-2021&imwidth=164",
        "brand": "SEPHORA COLLECTION",
        "name": "All Day Hydrator Moisturizer with Hyaluronic Acid",
        "numReviews": 23,
        "price": 17,
        "category": "bath",
        "type": "shower",
        "id": 182
    },
    {
        "stars": 3,
        "imageUrl": "https://www.sephora.com/productimages/sku/s2271062-main-zoom.jpg?imwidth=270&pb=clean-planet-positive-badge-2021&imwidth=164",
        "brand": "SEPHORA COLLECTION",
        "name": "Sugar Body Scrub",
        "numReviews": 30,
        "price": 17,
        "category": "bath",
        "type": "shower",
        "id": 183
    },
    {
        "stars": 4.5,
        "imageUrl": "https://www.sephora.com/productimages/sku/s2124121-main-zoom.jpg?imwidth=270&imwidth=164",
        "brand": "OUAI",
        "name": "Scalp & Body Scrub",
        "numReviews": 525,
        "price": 38,
        "category": "bath",
        "type": "shower",
        "id": 184
    },
    {
        "stars": 4,
        "imageUrl": "https://www.sephora.com/productimages/sku/s2368116-main-zoom.jpg?imwidth=270&imwidth=164",
        "brand": "Sol de Janeiro",
        "name": "Bum Bum Body Scrub",
        "numReviews": 348,
        "price": 42,
        "category": "bath",
        "type": "shower",
        "id": 185
    },
    {
        "stars": 4.5,
        "imageUrl": "https://www.sephora.com/productimages/sku/s2218212-main-zoom.jpg?imwidth=270&pb=2020-03-sephora-clean-2019&imwidth=164",
        "brand": "Skinfix",
        "name": "Resurface+ Glycolic and Lactic Acid Renewing Body Scrub",
        "numReviews": 552,
        "price": 32,
        "category": "bath",
        "type": "shower",
        "id": 186
    },
    {
        "stars": 4,
        "imageUrl": "https://www.sephora.com/productimages/sku/s2537405-main-zoom.jpg?imwidth=270&imwidth=164",
        "brand": "OUAI",
        "name": "Melrose Place Body Cleanser",
        "numReviews": 1,
        "price": 28,
        "category": "bath",
        "type": "shower",
        "id": 187
    },
    {
        "stars": 4.5,
        "imageUrl": "https://www.sephora.com/productimages/sku/s1802412-main-zoom.jpg?imwidth=270&imwidth=164",
        "brand": "Sol de Janeiro",
        "name": "Brazilian Bum Bum Body Cream",
        "numReviews": 7900,
        "price": 22,
        "category": "bath",
        "type": "body moisturizers",
        "id": 188
    },
    {
        "stars": 4.5,
        "imageUrl": "https://www.sephora.com/productimages/sku/s2282978-main-zoom.jpg?imwidth=270&pb=2020-03-sephora-clean-2019&imwidth=164",
        "brand": "SEPHORA COLLECTION",
        "name": "Clean Foot Mask",
        "numReviews": 119,
        "price": 5,
        "category": "bath",
        "type": "body moisturizers",
        "id": 189
    },
    {
        "stars": 4.5,
        "imageUrl": "https://www.sephora.com/productimages/sku/s2459386-main-zoom.jpg?imwidth=270&pb=2020-03-sephora-clean-2019&imwidth=164",
        "brand": "Fenty Skin",
        "name": "Butta Drop Whipped Oil Body Cream",
        "numReviews": 259,
        "price": 22,
        "category": "bath",
        "type": "body moisturizers",
        "id": 190
    },
    {
        "stars": 3.5,
        "imageUrl": "https://www.sephora.com/productimages/sku/s2282994-main-zoom.jpg?imwidth=270&pb=2020-03-sephora-clean-2019&imwidth=164",
        "brand": "SEPHORA COLLECTION",
        "name": "Clean Hand Mask",
        "numReviews": 56,
        "price": 5,
        "category": "bath",
        "type": "body moisturizers",
        "id": 191
    },
    {
        "stars": 4,
        "imageUrl": "https://www.sephora.com/productimages/sku/s2400695-main-zoom.jpg?imwidth=270&imwidth=164",
        "brand": "SEPHORA COLLECTION",
        "name": "Moisturizing Body Lotion",
        "numReviews": 49,
        "price": 6,
        "category": "bath",
        "type": "body moisturizers",
        "id": 192
    },
    {
        "stars": 4.5,
        "imageUrl": "https://www.sephora.com/productimages/sku/s2364107-main-zoom.jpg?imwidth=270&pb=2020-03-sephora-clean-2019&imwidth=164",
        "brand": "Nécessaire",
        "name": "The Body Lotion - With Niacinamide",
        "numReviews": 907,
        "price": 25,
        "category": "bath",
        "type": "body moisturizers",
        "id": 193
    },
    {
        "stars": 4.5,
        "imageUrl": "https://www.sephora.com/productimages/sku/s2448066-main-zoom.jpg?imwidth=270&imwidth=164",
        "brand": "Sol de Janeiro",
        "name": "Bom Dia Bright Body Cream with Vitamin C",
        "numReviews": 798,
        "price": 22,
        "category": "bath",
        "type": "body moisturizers",
        "id": 194
    },
    {
        "stars": 4.5,
        "imageUrl": "https://www.sephora.com/productimages/sku/s2421501-main-zoom.jpg?imwidth=270&pb=allure-best-2021-badge&imwidth=164",
        "brand": "Glow Recipe",
        "name": "Watermelon Glow AHA Pink Dream Body Cream",
        "numReviews": 1500,
        "price": 28,
        "category": "bath",
        "type": "body moisturizers",
        "id": 195
    },
    {
        "stars": 4,
        "imageUrl": "https://www.sephora.com/productimages/sku/s2230589-main-zoom.jpg?imwidth=270&pb=clean-planet-positive-badge-2021&imwidth=164",
        "brand": "SEPHORA COLLECTION",
        "name": "All Day Body Hydrator",
        "numReviews": 158,
        "price": 17,
        "category": "bath",
        "type": "body moisturizers",
        "id": 196
    },
    {
        "stars": 4.5,
        "imageUrl": "https://www.sephora.com/productimages/sku/s1802412-main-zoom.jpg?imwidth=270&imwidth=164",
        "brand": "Sol de Janeiro",
        "name": "Brazilian Bum Bum Body Cream",
        "numReviews": 7900,
        "price": 22,
        "category": "bath",
        "type": "body care",
        "id": 197
    },
    {
        "stars": 5,
        "imageUrl": "https://www.sephora.com/productimages/sku/s2527372-main-zoom.jpg?imwidth=270&imwidth=164",
        "brand": "Nécessaire",
        "name": "THE DEODORANT GEL - With 5% AHA",
        "numReviews": 1,
        "price": 15,
        "category": "bath",
        "type": "body care",
        "id": 198
    },
    {
        "stars": 5,
        "imageUrl": "https://www.sephora.com/productimages/sku/s2556744-main-zoom.jpg?imwidth=270&pb=2020-03-sephora-clean-2019&imwidth=164",
        "brand": "Touchland",
        "name": "Power Mist Hydrating Hand Sanitizer",
        "numReviews": 3,
        "price": 9,
        "category": "bath",
        "type": "body care",
        "id": 199
    },
    {
        "stars": 3.5,
        "imageUrl": "https://www.sephora.com/productimages/sku/s2400745-main-zoom.jpg?imwidth=270&imwidth=164",
        "brand": "SEPHORA COLLECTION",
        "name": "Hand Wash",
        "numReviews": 24,
        "price": 5,
        "category": "bath",
        "type": "body care",
        "id": 200
    },
    {
        "stars": 3.5,
        "imageUrl": "https://www.sephora.com/productimages/sku/s2373918-main-zoom.jpg?imwidth=270&pb=2020-03-sephora-clean-2019&imwidth=164",
        "brand": "SEPHORA COLLECTION",
        "name": "Clean Solid Deodorants",
        "numReviews": 115,
        "price": 8,
        "category": "bath",
        "type": "body care",
        "id": 201
    },
    {
        "stars": 4,
        "imageUrl": "https://www.sephora.com/productimages/sku/s2461804-main-zoom.jpg?imwidth=270&imwidth=164",
        "brand": "Sol de Janeiro",
        "name": "Rio Deo Aluminum-Free Deodorant",
        "numReviews": 408,
        "price": 16,
        "category": "bath",
        "type": "body care",
        "id": 202
    },
    {
        "stars": 4,
        "imageUrl": "https://www.sephora.com/productimages/sku/s2375418-main-zoom.jpg?imwidth=270&pb=2020-03-sephora-clean-2019&imwidth=164",
        "brand": "Kosas",
        "name": "Chemistry AHA Serum Deodorant",
        "numReviews": 718,
        "price": 15,
        "category": "bath",
        "type": "body care",
        "id": 203
    },
    {
        "stars": 5,
        "imageUrl": "https://www.sephora.com/productimages/sku/s2556801-main-zoom.jpg?imwidth=270&pb=2020-03-sephora-clean-2019&imwidth=164",
        "brand": "Touchland",
        "name": "Glow Mist Rejuvenating Hand Sanitizer",
        "numReviews": 1,
        "price": 16,
        "category": "bath",
        "type": "body care",
        "id": 204
    },
    {
        "stars": 4.5,
        "imageUrl": "https://www.sephora.com/productimages/sku/s592527-main-zoom.jpg?imwidth=270&imwidth=164",
        "brand": "Donna Karan",
        "name": "Cashmere Mist Deodorant",
        "numReviews": 893,
        "price": 30,
        "category": "bath",
        "type": "body care",
        "id": 205
    },
    {
        "stars": 4,
        "imageUrl": "https://www.sephora.com/productimages/sku/s2462109-main-zoom.jpg?imwidth=270&pb=2020-03-sephora-clean-2019&imwidth=164",
        "brand": "Summer Fridays",
        "name": "Babymoon Belly Balm",
        "numReviews": 63,
        "price": 29,
        "category": "bath",
        "type": "body care",
        "id": 206
    },
    {
        "stars": 4,
        "imageUrl": "https://www.sephora.com/productimages/sku/s2349975-main-zoom.jpg?imwidth=270&pb=clean-planet-positive-badge-2021&imwidth=164",
        "brand": "SEPHORA COLLECTION",
        "name": "Self-Tanning Body Mousse",
        "numReviews": 25,
        "price": 17,
        "category": "bath",
        "type": "tanners",
        "id": 207
    },
    {
        "stars": 5,
        "imageUrl": "https://www.sephora.com/productimages/sku/s2552420-main-zoom.jpg?imwidth=270&pb=2020-03-sephora-clean-2019&imwidth=164",
        "brand": "Isle of Paradise",
        "name": "Hyglo Hyaluronic Acid Self-Tan Body Serum",
        "numReviews": 11,
        "price": 35,
        "category": "bath",
        "type": "tanners",
        "id": 208
    },
    {
        "stars": 4.5,
        "imageUrl": "https://www.sephora.com/productimages/sku/s2479244-main-zoom.jpg?imwidth=270&pb=2020-03-sephora-clean-2019&imwidth=164",
        "brand": "Isle of Paradise",
        "name": "Day Dew Self-Tan Face Mist",
        "numReviews": 40,
        "price": 22,
        "category": "bath",
        "type": "tanners",
        "id": 209
    },
    {
        "stars": 4,
        "imageUrl": "https://www.sephora.com/productimages/sku/s2479251-main-zoom.jpg?imwidth=270&pb=2020-03-sephora-clean-2019&imwidth=164",
        "brand": "Isle of Paradise",
        "name": "Night Glow Self-Tan Face Mist",
        "numReviews": 39,
        "price": 22,
        "category": "bath",
        "type": "tanners",
        "id": 210
    },
    {
        "stars": 5,
        "imageUrl": "https://www.sephora.com/productimages/sku/s2456788-main-zoom.jpg?imwidth=270&pb=2020-03-sephora-clean-2019&imwidth=164",
        "brand": "Isle of Paradise",
        "name": "Blending Brush",
        "numReviews": 16,
        "price": 22,
        "category": "bath",
        "type": "tanners",
        "id": 211
    },
    {
        "stars": 3.5,
        "imageUrl": "https://www.sephora.com/productimages/sku/s2436012-main-zoom.jpg?imwidth=270&pb=2020-03-sephora-clean-2019&imwidth=164",
        "brand": "Isle of Paradise",
        "name": "Self-Tanning Body Butter",
        "numReviews": 303,
        "price": 25,
        "category": "bath",
        "type": "tanners",
        "id": 212
    },
    {
        "stars": 4,
        "imageUrl": "https://www.sephora.com/productimages/sku/s2346930-main-zoom.jpg?imwidth=270&pb=2020-03-sephora-clean-2019&imwidth=164",
        "brand": "Isle of Paradise",
        "name": "Own Your Glow Kit",
        "numReviews": 225,
        "price": 35,
        "category": "bath",
        "type": "tanners",
        "id": 213
    },
    {
        "stars": 4.5,
        "imageUrl": "https://www.sephora.com/productimages/sku/s2345916-main-zoom.jpg?imwidth=270&imwidth=164",
        "brand": "St. Tropez",
        "name": "Double Sided Luxe Tan Applicator Mitt",
        "numReviews": 372,
        "price": 8,
        "category": "bath",
        "type": "tanners",
        "id": 214
    },
    {
        "stars": 4.5,
        "imageUrl": "https://www.sephora.com/productimages/sku/s2440303-main-zoom.jpg?imwidth=270&pb=allure-best-2021-badge&imwidth=164",
        "brand": "St. Tropez",
        "name": "St. Tropez x Ashley Graham Ultimate Glow Mousse Kit",
        "numReviews": 807,
        "price": 55,
        "category": "bath",
        "type": "tanners",
        "id": 215
    },
    {
        "stars": 2.5,
        "imageUrl": "https://www.sephora.com/productimages/sku/s2204204-main-zoom.jpg?imwidth=270&pb=2020-03-sephora-clean-2019&imwidth=164",
        "brand": "Isle of Paradise",
        "name": "Tanning Applicator Mitt",
        "numReviews": 150,
        "price": 6,
        "category": "bath",
        "type": "tanners",
        "id": 216
    }
]